begin_datetime_utc,begin_datetime_mpt,pool_price,forecast_pool_price,rolling_30day_avg
2024-01-01 07:00,2024-01-01 00:00,23.05,20.57,51.98
2024-01-01 08:00,2024-01-01 01:00,22.67,19.69,51.97
2024-01-01 09:00,2024-01-01 02:00,24.07,21.46,51.96
2024-01-01 10:00,2024-01-01 03:00,24.33,24.21,51.93
2024-01-01 11:00,2024-01-01 04:00,24.70,24.48,51.93
2024-01-01 12:00,2024-01-01 05:00,26.86,25.03,51.92
2024-01-01 13:00,2024-01-01 06:00,30.42,31.84,51.90
2024-01-01 14:00,2024-01-01 07:00,27.32,28.3,51.84
2024-01-01 15:00,2024-01-01 08:00,37.66,30.18,51.78
2024-01-01 16:00,2024-01-01 09:00,39.17,39.8,51.70
2024-01-01 17:00,2024-01-01 10:00,36.83,37.04,51.22
2024-01-01 18:00,2024-01-01 11:00,37.50,38.69,51.11
2024-01-01 19:00,2024-01-01 12:00,37.92,36.65,51.01
2024-01-01 20:00,2024-01-01 13:00,37.09,38.42,50.94
2024-01-01 21:00,2024-01-01 14:00,27.43,25.87,50.88
2024-01-01 22:00,2024-01-01 15:00,27.59,18.48,50.83
2024-01-01 23:00,2024-01-01 16:00,37.64,32.76,50.81
2024-01-02 00:00,2024-01-01 17:00,42.24,44.4,50.77
2024-01-02 01:00,2024-01-01 18:00,42.25,42.9,50.75
2024-01-02 02:00,2024-01-01 19:00,43.75,44.44,50.74
2024-01-02 03:00,2024-01-01 20:00,44.49,44.48,50.65
2024-01-02 04:00,2024-01-01 21:00,45.35,78.06,50.64
2024-01-02 05:00,2024-01-01 22:00,51.25,76.64,50.65
2024-01-02 06:00,2024-01-01 23:00,40.71,40.03,50.66
2024-01-02 07:00,2024-01-02 00:00,40.66,41.28,50.67
2024-01-02 08:00,2024-01-02 01:00,37.96,38.99,50.67
2024-01-02 09:00,2024-01-02 02:00,34.87,31.61,50.66
2024-01-02 10:00,2024-01-02 03:00,37.31,38.49,50.65
2024-01-02 11:00,2024-01-02 04:00,40.78,39.88,50.63
2024-01-02 12:00,2024-01-02 05:00,44.11,47.21,50.55
2024-01-02 13:00,2024-01-02 06:00,62.65,42.15,50.47
2024-01-02 14:00,2024-01-02 07:00,44.07,43.7,50.47
2024-01-02 15:00,2024-01-02 08:00,53.44,43.78,50.49
2024-01-02 16:00,2024-01-02 09:00,48.45,66.66,50.50
2024-01-02 17:00,2024-01-02 10:00,44.22,44.05,50.49
2024-01-02 18:00,2024-01-02 11:00,45.16,50.0,50.47
2024-01-02 19:00,2024-01-02 12:00,43.40,44.82,50.47
2024-01-02 20:00,2024-01-02 13:00,42.57,41.93,50.46
2024-01-02 21:00,2024-01-02 14:00,68.56,43.34,50.48
2024-01-02 22:00,2024-01-02 15:00,123.34,100.05,50.35
2024-01-02 23:00,2024-01-02 16:00,376.28,295.31,50.66
2024-01-03 00:00,2024-01-02 17:00,325.97,414.68,51.00
2024-01-03 01:00,2024-01-02 18:00,115.20,63.59,51.09
2024-01-03 02:00,2024-01-02 19:00,45.19,44.25,51.06
2024-01-03 03:00,2024-01-02 20:00,45.75,44.29,50.86
2024-01-03 04:00,2024-01-02 21:00,61.61,205.65,50.84
2024-01-03 05:00,2024-01-02 22:00,100.00,263.07,50.90
2024-01-03 06:00,2024-01-02 23:00,154.37,143.39,51.07
2024-01-03 07:00,2024-01-03 00:00,83.48,60.83,51.14
2024-01-03 08:00,2024-01-03 01:00,85.18,90.82,51.22
2024-01-03 09:00,2024-01-03 02:00,68.23,70.5,51.29
2024-01-03 10:00,2024-01-03 03:00,65.73,52.82,51.35
2024-01-03 11:00,2024-01-03 04:00,91.87,85.56,51.43
2024-01-03 12:00,2024-01-03 05:00,176.24,251.83,51.61
2024-01-03 13:00,2024-01-03 06:00,100.11,170.25,51.63
2024-01-03 14:00,2024-01-03 07:00,51.08,54.5,51.59
2024-01-03 15:00,2024-01-03 08:00,83.08,79.66,51.57
2024-01-03 16:00,2024-01-03 09:00,65.00,71.5,51.59
2024-01-03 17:00,2024-01-03 10:00,76.00,191.5,51.64
2024-01-03 18:00,2024-01-03 11:00,80.31,284.72,51.70
2024-01-03 19:00,2024-01-03 12:00,47.09,40.3,51.70
2024-01-03 20:00,2024-01-03 13:00,40.91,51.32,51.67
2024-01-03 21:00,2024-01-03 14:00,32.51,32.37,51.58
2024-01-03 22:00,2024-01-03 15:00,54.35,35.01,51.52
2024-01-03 23:00,2024-01-03 16:00,54.92,343.53,51.47
2024-01-04 00:00,2024-01-03 17:00,52.54,79.1,51.38
2024-01-04 01:00,2024-01-03 18:00,38.04,38.26,51.24
2024-01-04 02:00,2024-01-03 19:00,32.48,35.05,51.15
2024-01-04 03:00,2024-01-03 20:00,33.09,32.49,51.08
2024-01-04 04:00,2024-01-03 21:00,39.93,41.71,51.04
2024-01-04 05:00,2024-01-03 22:00,39.98,39.68,51.04
2024-01-04 06:00,2024-01-03 23:00,39.12,36.71,51.00
2024-01-04 07:00,2024-01-04 00:00,39.61,37.34,50.99
2024-01-04 08:00,2024-01-04 01:00,39.98,39.98,50.97
2024-01-04 09:00,2024-01-04 02:00,28.76,38.71,50.93
2024-01-04 10:00,2024-01-04 03:00,26.87,37.4,50.91
2024-01-04 11:00,2024-01-04 04:00,31.93,43.53,50.89
2024-01-04 12:00,2024-01-04 05:00,40.84,55.39,50.89
2024-01-04 13:00,2024-01-04 06:00,60.75,112.77,50.91
2024-01-04 14:00,2024-01-04 07:00,51.38,49.97,50.93
2024-01-04 15:00,2024-01-04 08:00,53.81,48.85,50.93
2024-01-04 16:00,2024-01-04 09:00,50.40,52.57,50.93
2024-01-04 17:00,2024-01-04 10:00,46.13,49.54,50.93
2024-01-04 18:00,2024-01-04 11:00,38.93,38.29,50.92
2024-01-04 19:00,2024-01-04 12:00,39.23,43.65,50.90
2024-01-04 20:00,2024-01-04 13:00,39.21,49.84,50.89
2024-01-04 21:00,2024-01-04 14:00,35.95,38.24,50.87
2024-01-04 22:00,2024-01-04 15:00,40.53,33.81,50.86
2024-01-04 23:00,2024-01-04 16:00,53.89,65.04,50.86
2024-01-05 00:00,2024-01-04 17:00,54.03,92.15,50.86
2024-01-05 01:00,2024-01-04 18:00,40.63,51.72,50.84
2024-01-05 02:00,2024-01-04 19:00,34.11,38.15,50.81
2024-01-05 03:00,2024-01-04 20:00,30.79,29.31,50.78
2024-01-05 04:00,2024-01-04 21:00,32.21,29.19,50.76
2024-01-05 05:00,2024-01-04 22:00,34.88,32.1,50.76
2024-01-05 06:00,2024-01-04 23:00,33.25,30.35,50.75
2024-01-05 07:00,2024-01-05 00:00,30.53,29.73,50.74
2024-01-05 08:00,2024-01-05 01:00,30.39,31.08,50.72
2024-01-05 09:00,2024-01-05 02:00,28.74,28.72,50.71
2024-01-05 10:00,2024-01-05 03:00,28.70,28.52,50.70
2024-01-05 11:00,2024-01-05 04:00,31.31,28.96,50.70
2024-01-05 12:00,2024-01-05 05:00,66.22,38.42,50.75
2024-01-05 13:00,2024-01-05 06:00,212.73,116.12,51.00
2024-01-05 14:00,2024-01-05 07:00,257.92,212.04,51.30
2024-01-05 15:00,2024-01-05 08:00,75.25,57.55,51.15
2024-01-05 16:00,2024-01-05 09:00,89.11,344.95,51.20
2024-01-05 17:00,2024-01-05 10:00,51.32,42.4,51.19
2024-01-05 18:00,2024-01-05 11:00,53.09,60.13,51.19
2024-01-05 19:00,2024-01-05 12:00,51.22,59.13,51.19
2024-01-05 20:00,2024-01-05 13:00,49.85,51.36,51.04
2024-01-05 21:00,2024-01-05 14:00,47.16,42.01,50.74
2024-01-05 22:00,2024-01-05 15:00,49.55,39.91,50.50
2024-01-05 23:00,2024-01-05 16:00,101.54,160.81,50.33
2024-01-06 00:00,2024-01-05 17:00,111.08,807.09,50.17
2024-01-06 01:00,2024-01-05 18:00,39.74,42.65,50.16
2024-01-06 02:00,2024-01-05 19:00,31.91,34.76,50.13
2024-01-06 03:00,2024-01-05 20:00,35.87,39.7,50.01
2024-01-06 04:00,2024-01-05 21:00,38.36,38.8,49.94
2024-01-06 05:00,2024-01-05 22:00,34.18,34.78,49.87
2024-01-06 06:00,2024-01-05 23:00,39.46,34.09,49.70
2024-01-06 07:00,2024-01-06 00:00,38.95,32.05,49.51
2024-01-06 08:00,2024-01-06 01:00,38.35,37.97,49.32
2024-01-06 09:00,2024-01-06 02:00,37.98,37.34,49.27
2024-01-06 10:00,2024-01-06 03:00,38.26,37.73,49.26
2024-01-06 11:00,2024-01-06 04:00,38.51,38.01,49.26
2024-01-06 12:00,2024-01-06 05:00,34.06,30.98,49.25
2024-01-06 13:00,2024-01-06 06:00,46.44,35.71,49.14
2024-01-06 14:00,2024-01-06 07:00,61.77,52.38,49.11
2024-01-06 15:00,2024-01-06 08:00,77.71,58.39,48.85
2024-01-06 16:00,2024-01-06 09:00,60.24,115.8,48.86
2024-01-06 17:00,2024-01-06 10:00,48.59,41.72,48.77
2024-01-06 18:00,2024-01-06 11:00,62.59,41.71,48.80
2024-01-06 19:00,2024-01-06 12:00,94.44,93.04,48.88
2024-01-06 20:00,2024-01-06 13:00,129.78,106.12,49.00
2024-01-06 21:00,2024-01-06 14:00,171.03,163.02,49.18
2024-01-06 22:00,2024-01-06 15:00,332.26,345.9,49.57
2024-01-06 23:00,2024-01-06 16:00,198.92,224.34,49.65
2024-01-07 00:00,2024-01-06 17:00,204.58,946.25,49.78
2024-01-07 01:00,2024-01-06 18:00,60.87,63.43,49.74
2024-01-07 02:00,2024-01-06 19:00,58.75,57.46,49.70
2024-01-07 03:00,2024-01-06 20:00,80.64,77.68,49.38
2024-01-07 04:00,2024-01-06 21:00,99.36,112.4,49.08
2024-01-07 05:00,2024-01-06 22:00,58.83,59.16,48.92
2024-01-07 06:00,2024-01-06 23:00,59.76,59.64,48.90
2024-01-07 07:00,2024-01-07 00:00,60.18,59.78,48.88
2024-01-07 08:00,2024-01-07 01:00,85.80,67.19,48.93
2024-01-07 09:00,2024-01-07 02:00,93.72,95.44,48.93
2024-01-07 10:00,2024-01-07 03:00,68.25,68.25,48.90
2024-01-07 11:00,2024-01-07 04:00,71.38,80.0,48.84
2024-01-07 12:00,2024-01-07 05:00,72.09,65.07,48.81
2024-01-07 13:00,2024-01-07 06:00,111.17,96.91,48.70
2024-01-07 14:00,2024-01-07 07:00,78.36,66.87,48.32
2024-01-07 15:00,2024-01-07 08:00,92.31,91.52,48.00
2024-01-07 16:00,2024-01-07 09:00,73.49,103.45,47.75
2024-01-07 17:00,2024-01-07 10:00,60.75,59.51,47.69
2024-01-07 18:00,2024-01-07 11:00,59.48,60.14,47.63
2024-01-07 19:00,2024-01-07 12:00,59.33,58.41,47.45
2024-01-07 20:00,2024-01-07 13:00,60.11,59.58,47.28
2024-01-07 21:00,2024-01-07 14:00,60.08,60.27,47.24
2024-01-07 22:00,2024-01-07 15:00,84.05,58.4,47.19
2024-01-07 23:00,2024-01-07 16:00,380.17,237.31,47.46
2024-01-08 00:00,2024-01-07 17:00,822.99,961.18,48.47
2024-01-08 01:00,2024-01-07 18:00,583.30,754.75,49.21
2024-01-08 02:00,2024-01-07 19:00,555.01,538.52,49.92
2024-01-08 03:00,2024-01-07 20:00,298.19,455.35,50.26
2024-01-08 04:00,2024-01-07 21:00,118.73,391.12,50.36
2024-01-08 05:00,2024-01-07 22:00,93.01,166.34,50.42
2024-01-08 06:00,2024-01-07 23:00,78.79,81.64,50.47
2024-01-08 07:00,2024-01-08 00:00,104.49,110.05,50.55
2024-01-08 08:00,2024-01-08 01:00,123.60,145.76,50.66
2024-01-08 09:00,2024-01-08 02:00,95.40,117.72,50.73
2024-01-08 10:00,2024-01-08 03:00,92.66,98.34,50.82
2024-01-08 11:00,2024-01-08 04:00,93.01,121.83,50.91
2024-01-08 12:00,2024-01-08 05:00,97.98,306.8,51.00
2024-01-08 13:00,2024-01-08 06:00,79.95,125.47,51.06
2024-01-08 14:00,2024-01-08 07:00,60.19,63.82,51.08
2024-01-08 15:00,2024-01-08 08:00,59.17,61.87,51.10
2024-01-08 16:00,2024-01-08 09:00,50.55,60.05,51.09
2024-01-08 17:00,2024-01-08 10:00,37.52,44.28,51.06
2024-01-08 18:00,2024-01-08 11:00,36.02,33.42,51.05
2024-01-08 19:00,2024-01-08 12:00,37.80,37.67,51.04
2024-01-08 20:00,2024-01-08 13:00,48.81,43.16,51.05
2024-01-08 21:00,2024-01-08 14:00,53.48,58.82,51.06
2024-01-08 22:00,2024-01-08 15:00,58.89,31.29,51.09
2024-01-08 23:00,2024-01-08 16:00,92.67,73.96,51.16
2024-01-09 00:00,2024-01-08 17:00,100.00,124.41,51.25
2024-01-09 01:00,2024-01-08 18:00,92.72,83.88,51.33
2024-01-09 02:00,2024-01-08 19:00,65.52,58.96,51.37
2024-01-09 03:00,2024-01-08 20:00,65.29,65.31,51.42
2024-01-09 04:00,2024-01-08 21:00,90.49,406.22,51.49
2024-01-09 05:00,2024-01-08 22:00,84.91,108.53,51.55
2024-01-09 06:00,2024-01-08 23:00,91.65,79.92,51.63
2024-01-09 07:00,2024-01-09 00:00,47.97,48.77,51.66
2024-01-09 08:00,2024-01-09 01:00,46.86,46.91,51.69
2024-01-09 09:00,2024-01-09 02:00,40.97,46.84,51.71
2024-01-09 10:00,2024-01-09 03:00,32.59,32.83,51.72
2024-01-09 11:00,2024-01-09 04:00,34.30,34.42,51.74
2024-01-09 12:00,2024-01-09 05:00,34.29,34.04,51.75
2024-01-09 13:00,2024-01-09 06:00,37.39,38.49,51.77
2024-01-09 14:00,2024-01-09 07:00,40.90,42.63,51.78
2024-01-09 15:00,2024-01-09 08:00,34.58,39.4,51.77
2024-01-09 16:00,2024-01-09 09:00,33.59,33.16,51.77
2024-01-09 17:00,2024-01-09 10:00,31.54,32.37,51.77
2024-01-09 18:00,2024-01-09 11:00,35.33,33.08,51.77
2024-01-09 19:00,2024-01-09 12:00,37.95,34.41,51.78
2024-01-09 20:00,2024-01-09 13:00,46.34,38.13,51.79
2024-01-09 21:00,2024-01-09 14:00,42.11,41.82,51.80
2024-01-09 22:00,2024-01-09 15:00,34.43,35.21,51.80
2024-01-09 23:00,2024-01-09 16:00,35.16,33.95,51.78
2024-01-10 00:00,2024-01-09 17:00,39.36,40.05,51.78
2024-01-10 01:00,2024-01-09 18:00,40.31,39.54,51.78
2024-01-10 02:00,2024-01-09 19:00,38.19,36.06,51.78
2024-01-10 03:00,2024-01-09 20:00,40.56,40.9,51.78
2024-01-10 04:00,2024-01-09 21:00,40.43,34.51,51.78
2024-01-10 05:00,2024-01-09 22:00,48.43,54.05,51.80
2024-01-10 06:00,2024-01-09 23:00,48.62,44.85,51.82
2024-01-10 07:00,2024-01-10 00:00,54.58,39.62,51.84
2024-01-10 08:00,2024-01-10 01:00,47.60,41.34,51.84
2024-01-10 09:00,2024-01-10 02:00,40.04,41.29,51.84
2024-01-10 10:00,2024-01-10 03:00,50.62,42.73,51.85
2024-01-10 11:00,2024-01-10 04:00,50.87,68.04,51.87
2024-01-10 12:00,2024-01-10 05:00,46.94,43.98,51.88
2024-01-10 13:00,2024-01-10 06:00,49.14,45.41,51.89
2024-01-10 14:00,2024-01-10 07:00,54.33,46.38,51.90
2024-01-10 15:00,2024-01-10 08:00,65.26,60.4,51.93
2024-01-10 16:00,2024-01-10 09:00,77.78,72.9,51.97
2024-01-10 17:00,2024-01-10 10:00,79.33,72.7,52.02
2024-01-10 18:00,2024-01-10 11:00,71.60,77.07,52.03
2024-01-10 19:00,2024-01-10 12:00,81.55,51.54,52.06
2024-01-10 20:00,2024-01-10 13:00,88.32,287.39,52.07
2024-01-10 21:00,2024-01-10 14:00,77.68,73.21,52.11
2024-01-10 22:00,2024-01-10 15:00,303.40,111.82,52.45
2024-01-10 23:00,2024-01-10 16:00,291.50,187.13,52.73
2024-01-11 00:00,2024-01-10 17:00,468.92,511.2,53.25
2024-01-11 01:00,2024-01-10 18:00,350.01,187.27,53.68
2024-01-11 02:00,2024-01-10 19:00,104.52,189.56,53.78
2024-01-11 03:00,2024-01-10 20:00,94.46,84.9,53.86
2024-01-11 04:00,2024-01-10 21:00,82.43,81.77,53.92
2024-01-11 05:00,2024-01-10 22:00,77.00,81.73,53.99
2024-01-11 06:00,2024-01-10 23:00,76.96,73.37,54.05
2024-01-11 07:00,2024-01-11 00:00,85.37,106.12,54.13
2024-01-11 08:00,2024-01-11 01:00,66.03,78.35,54.19
2024-01-11 09:00,2024-01-11 02:00,63.82,58.5,54.24
2024-01-11 10:00,2024-01-11 03:00,66.45,62.26,54.29
2024-01-11 11:00,2024-01-11 04:00,60.91,58.38,54.33
2024-01-11 12:00,2024-01-11 05:00,64.75,64.06,54.36
2024-01-11 13:00,2024-01-11 06:00,76.71,76.04,54.37
2024-01-11 14:00,2024-01-11 07:00,215.11,270.4,54.46
2024-01-11 15:00,2024-01-11 08:00,601.31,558.69,55.00
2024-01-11 16:00,2024-01-11 09:00,80.86,82.59,55.01
2024-01-11 17:00,2024-01-11 10:00,73.61,75.2,55.06
2024-01-11 18:00,2024-01-11 11:00,73.59,75.3,55.11
2024-01-11 19:00,2024-01-11 12:00,74.36,73.7,55.15
2024-01-11 20:00,2024-01-11 13:00,135.20,74.38,55.28
2024-01-11 21:00,2024-01-11 14:00,167.42,329.96,55.46
2024-01-11 22:00,2024-01-11 15:00,85.25,110.26,55.53
2024-01-11 23:00,2024-01-11 16:00,136.76,74.82,55.68
2024-01-12 00:00,2024-01-11 17:00,629.01,771.94,56.51
2024-01-12 01:00,2024-01-11 18:00,667.30,678.29,57.40
2024-01-12 02:00,2024-01-11 19:00,527.16,438.76,58.08
2024-01-12 03:00,2024-01-11 20:00,449.18,459.08,58.67
2024-01-12 04:00,2024-01-11 21:00,631.28,940.71,59.50
2024-01-12 05:00,2024-01-11 22:00,444.27,453.52,60.09
2024-01-12 06:00,2024-01-11 23:00,118.36,89.04,60.24
2024-01-12 07:00,2024-01-12 00:00,225.27,166.37,60.53
2024-01-12 08:00,2024-01-12 01:00,320.51,312.15,60.98
2024-01-12 09:00,2024-01-12 02:00,382.18,464.65,61.50
2024-01-12 10:00,2024-01-12 03:00,274.31,196.36,61.86
2024-01-12 11:00,2024-01-12 04:00,300.86,226.65,62.25
2024-01-12 12:00,2024-01-12 05:00,441.57,585.63,62.85
2024-01-12 13:00,2024-01-12 06:00,563.95,518.3,63.59
2024-01-12 14:00,2024-01-12 07:00,731.43,877.01,64.57
2024-01-12 15:00,2024-01-12 08:00,946.27,999.99,65.83
2024-01-12 16:00,2024-01-12 09:00,989.52,999.99,67.17
2024-01-12 17:00,2024-01-12 10:00,960.76,999.99,68.48
2024-01-12 18:00,2024-01-12 11:00,855.51,999.99,69.65
2024-01-12 19:00,2024-01-12 12:00,815.67,746.88,70.74
2024-01-12 20:00,2024-01-12 13:00,740.19,722.05,71.73
2024-01-12 21:00,2024-01-12 14:00,640.88,617.89,72.59
2024-01-12 22:00,2024-01-12 15:00,745.24,580.55,73.59
2024-01-12 23:00,2024-01-12 16:00,988.47,999.83,74.91
2024-01-13 00:00,2024-01-12 17:00,999.99,999.99,76.24
2024-01-13 01:00,2024-01-12 18:00,999.99,999.99,77.59
2024-01-13 02:00,2024-01-12 19:00,999.99,999.99,78.93
2024-01-13 03:00,2024-01-12 20:00,999.99,999.99,80.27
2024-01-13 04:00,2024-01-12 21:00,927.10,999.99,81.52
2024-01-13 05:00,2024-01-12 22:00,189.57,203.45,81.75
2024-01-13 06:00,2024-01-12 23:00,202.18,288.53,82.01
2024-01-13 07:00,2024-01-13 00:00,271.60,376.84,82.39
2024-01-13 08:00,2024-01-13 01:00,475.83,972.96,83.05
2024-01-13 09:00,2024-01-13 02:00,240.63,228.07,83.38
2024-01-13 10:00,2024-01-13 03:00,242.84,242.28,83.72
2024-01-13 11:00,2024-01-13 04:00,360.46,246.61,84.22
2024-01-13 12:00,2024-01-13 05:00,656.56,698.35,85.13
2024-01-13 13:00,2024-01-13 06:00,635.36,614.16,85.97
2024-01-13 14:00,2024-01-13 07:00,268.82,276.55,86.30
2024-01-13 15:00,2024-01-13 08:00,722.05,666.53,87.25
2024-01-13 16:00,2024-01-13 09:00,765.22,999.99,88.26
2024-01-13 17:00,2024-01-13 10:00,601.21,659.84,89.03
2024-01-13 18:00,2024-01-13 11:00,642.82,580.62,89.85
2024-01-13 19:00,2024-01-13 12:00,695.51,589.98,90.62
2024-01-13 20:00,2024-01-13 13:00,670.89,742.27,90.98
2024-01-13 21:00,2024-01-13 14:00,590.92,236.67,91.14
2024-01-13 22:00,2024-01-13 15:00,898.00,665.94,91.92
2024-01-13 23:00,2024-01-13 16:00,999.99,999.99,92.55
2024-01-14 00:00,2024-01-13 17:00,999.99,999.99,93.13
2024-01-14 01:00,2024-01-13 18:00,999.99,999.99,94.13
2024-01-14 02:00,2024-01-13 19:00,999.99,999.99,95.35
2024-01-14 03:00,2024-01-13 20:00,931.28,999.99,96.43
2024-01-14 04:00,2024-01-13 21:00,754.14,740.33,97.10
2024-01-14 05:00,2024-01-13 22:00,735.21,773.46,97.98
2024-01-14 06:00,2024-01-13 23:00,360.99,167.04,98.40
2024-01-14 07:00,2024-01-14 00:00,206.28,152.13,98.63
2024-01-14 08:00,2024-01-14 01:00,162.30,136.01,98.80
2024-01-14 09:00,2024-01-14 02:00,233.57,237.88,99.07
2024-01-14 10:00,2024-01-14 03:00,400.53,410.32,99.57
2024-01-14 11:00,2024-01-14 04:00,470.22,410.32,100.17
2024-01-14 12:00,2024-01-14 05:00,591.86,565.25,100.93
2024-01-14 13:00,2024-01-14 06:00,827.08,490.38,102.00
2024-01-14 14:00,2024-01-14 07:00,818.33,702.33,103.07
2024-01-14 15:00,2024-01-14 08:00,976.52,972.53,104.30
2024-01-14 16:00,2024-01-14 09:00,852.82,999.99,105.39
2024-01-14 17:00,2024-01-14 10:00,812.72,806.24,106.39
2024-01-14 18:00,2024-01-14 11:00,835.23,676.56,107.48
2024-01-14 19:00,2024-01-14 12:00,665.87,763.41,108.30
2024-01-14 20:00,2024-01-14 13:00,551.53,610.12,108.99
2024-01-14 21:00,2024-01-14 14:00,584.39,551.07,109.75
2024-01-14 22:00,2024-01-14 15:00,983.36,999.99,111.07
2024-01-14 23:00,2024-01-14 16:00,999.99,999.99,112.41
2024-01-15 00:00,2024-01-14 17:00,999.99,999.99,113.76
2024-01-15 01:00,2024-01-14 18:00,999.99,828.13,115.11
2024-01-15 02:00,2024-01-14 19:00,999.99,999.99,116.47
2024-01-15 03:00,2024-01-14 20:00,999.99,940.24,117.83
2024-01-15 04:00,2024-01-14 21:00,999.99,999.99,119.20
2024-01-15 05:00,2024-01-14 22:00,757.83,889.38,120.23
2024-01-15 06:00,2024-01-14 23:00,240.58,230.19,120.55
2024-01-15 07:00,2024-01-15 00:00,181.59,100.07,120.78
2024-01-15 08:00,2024-01-15 01:00,400.51,610.74,121.33
2024-01-15 09:00,2024-01-15 02:00,414.98,439.52,121.90
2024-01-15 10:00,2024-01-15 03:00,415.41,411.13,122.48
2024-01-15 11:00,2024-01-15 04:00,602.61,564.31,123.32
2024-01-15 12:00,2024-01-15 05:00,941.11,999.99,124.62
2024-01-15 13:00,2024-01-15 06:00,999.99,999.99,126.01
2024-01-15 14:00,2024-01-15 07:00,999.99,999.99,127.38
2024-01-15 15:00,2024-01-15 08:00,999.99,999.99,128.74
2024-01-15 16:00,2024-01-15 09:00,337.67,999.99,129.17
2024-01-15 17:00,2024-01-15 10:00,79.83,102.83,129.19
2024-01-15 18:00,2024-01-15 11:00,82.49,103.91,129.19
2024-01-15 19:00,2024-01-15 12:00,281.78,112.53,129.43
2024-01-15 20:00,2024-01-15 13:00,268.39,477.68,129.68
2024-01-15 21:00,2024-01-15 14:00,59.94,43.12,129.63
2024-01-15 22:00,2024-01-15 15:00,82.57,130.83,129.60
2024-01-15 23:00,2024-01-15 16:00,416.81,682.67,130.06
2024-01-16 00:00,2024-01-15 17:00,597.71,489.05,130.82
2024-01-16 01:00,2024-01-15 18:00,208.60,574.63,131.03
2024-01-16 02:00,2024-01-15 19:00,101.31,97.89,131.06
2024-01-16 03:00,2024-01-15 20:00,52.87,39.13,131.07
2024-01-16 04:00,2024-01-15 21:00,55.40,83.32,131.08
2024-01-16 05:00,2024-01-15 22:00,41.97,39.24,131.09
2024-01-16 06:00,2024-01-15 23:00,55.00,60.28,131.14
2024-01-16 07:00,2024-01-16 00:00,41.01,30.96,131.18
2024-01-16 08:00,2024-01-16 01:00,48.93,42.43,131.23
2024-01-16 09:00,2024-01-16 02:00,45.87,40.29,131.30
2024-01-16 10:00,2024-01-16 03:00,40.25,32.71,131.33
2024-01-16 11:00,2024-01-16 04:00,40.05,37.33,131.34
2024-01-16 12:00,2024-01-16 05:00,40.56,35.35,131.35
2024-01-16 13:00,2024-01-16 06:00,97.94,52.46,131.43
2024-01-16 14:00,2024-01-16 07:00,408.28,97.45,131.91
2024-01-16 15:00,2024-01-16 08:00,427.32,193.74,132.38
2024-01-16 16:00,2024-01-16 09:00,86.47,97.25,132.33
2024-01-16 17:00,2024-01-16 10:00,60.21,53.77,132.35
2024-01-16 18:00,2024-01-16 11:00,105.95,136.56,132.43
2024-01-16 19:00,2024-01-16 12:00,123.82,97.71,132.55
2024-01-16 20:00,2024-01-16 13:00,57.16,41.78,132.57
2024-01-16 21:00,2024-01-16 14:00,90.49,505.36,132.64
2024-01-16 22:00,2024-01-16 15:00,97.25,81.36,132.71
2024-01-16 23:00,2024-01-16 16:00,70.05,70.18,132.74
2024-01-17 00:00,2024-01-16 17:00,303.71,151.97,133.10
2024-01-17 01:00,2024-01-16 18:00,70.96,58.74,133.15
2024-01-17 02:00,2024-01-16 19:00,96.95,138.09,133.25
2024-01-17 03:00,2024-01-16 20:00,84.39,79.55,133.32
2024-01-17 04:00,2024-01-16 21:00,95.42,85.71,133.42
2024-01-17 05:00,2024-01-16 22:00,63.44,68.84,133.47
2024-01-17 06:00,2024-01-16 23:00,54.26,45.17,133.51
2024-01-17 07:00,2024-01-17 00:00,53.66,47.64,133.56
2024-01-17 08:00,2024-01-17 01:00,57.33,49.63,133.62
2024-01-17 09:00,2024-01-17 02:00,53.81,46.89,133.64
2024-01-17 10:00,2024-01-17 03:00,53.56,45.91,133.65
2024-01-17 11:00,2024-01-17 04:00,97.04,72.05,133.66
2024-01-17 12:00,2024-01-17 05:00,109.29,109.61,133.73
2024-01-17 13:00,2024-01-17 06:00,108.45,84.71,133.77
2024-01-17 14:00,2024-01-17 07:00,100.45,84.99,133.76
2024-01-17 15:00,2024-01-17 08:00,124.68,127.91,133.63
2024-01-17 16:00,2024-01-17 09:00,190.57,385.82,133.74
2024-01-17 17:00,2024-01-17 10:00,408.81,537.72,134.23
2024-01-17 18:00,2024-01-17 11:00,338.54,300.34,134.64
2024-01-17 19:00,2024-01-17 12:00,223.53,100.83,134.88
2024-01-17 20:00,2024-01-17 13:00,400.20,460.77,135.37
2024-01-17 21:00,2024-01-17 14:00,400.18,450.22,135.86
2024-01-17 22:00,2024-01-17 15:00,449.39,398.9,136.40
2024-01-17 23:00,2024-01-17 16:00,479.72,514.97,136.93
2024-01-18 00:00,2024-01-17 17:00,473.02,476.41,137.51
2024-01-18 01:00,2024-01-17 18:00,325.90,373.46,137.91
2024-01-18 02:00,2024-01-17 19:00,136.96,281.92,138.05
2024-01-18 03:00,2024-01-17 20:00,104.68,121.56,138.15
2024-01-18 04:00,2024-01-17 21:00,68.65,66.44,138.20
2024-01-18 05:00,2024-01-17 22:00,87.89,86.84,138.27
2024-01-18 06:00,2024-01-17 23:00,63.53,66.12,138.32
2024-01-18 07:00,2024-01-18 00:00,127.24,329.35,138.43
2024-01-18 08:00,2024-01-18 01:00,133.67,74.52,138.56
2024-01-18 09:00,2024-01-18 02:00,177.66,176.77,138.75
2024-01-18 10:00,2024-01-18 03:00,73.32,70.37,138.79
2024-01-18 11:00,2024-01-18 04:00,45.54,41.06,138.80
2024-01-18 12:00,2024-01-18 05:00,46.31,46.35,138.82
2024-01-18 13:00,2024-01-18 06:00,47.51,44.9,138.82
2024-01-18 14:00,2024-01-18 07:00,91.40,62.79,138.88
2024-01-18 15:00,2024-01-18 08:00,70.37,67.3,138.91
2024-01-18 16:00,2024-01-18 09:00,65.53,66.36,138.93
2024-01-18 17:00,2024-01-18 10:00,70.37,119.99,138.93
2024-01-18 18:00,2024-01-18 11:00,80.59,90.41,138.96
2024-01-18 19:00,2024-01-18 12:00,59.95,55.0,138.98
2024-01-18 20:00,2024-01-18 13:00,60.74,59.42,139.00
2024-01-18 21:00,2024-01-18 14:00,58.89,59.99,138.99
2024-01-18 22:00,2024-01-18 15:00,64.42,63.34,139.01
2024-01-18 23:00,2024-01-18 16:00,215.23,84.66,139.25
2024-01-19 00:00,2024-01-18 17:00,189.34,149.08,139.47
2024-01-19 01:00,2024-01-18 18:00,93.06,71.91,139.57
2024-01-19 02:00,2024-01-18 19:00,64.68,74.07,139.63
2024-01-19 03:00,2024-01-18 20:00,111.85,73.44,139.76
2024-01-19 04:00,2024-01-18 21:00,199.93,280.93,140.00
2024-01-19 05:00,2024-01-18 22:00,166.62,457.74,140.19
2024-01-19 06:00,2024-01-18 23:00,228.53,199.13,140.48
2024-01-19 07:00,2024-01-19 00:00,94.97,112.32,140.58
2024-01-19 08:00,2024-01-19 01:00,134.64,248.29,140.75
2024-01-19 09:00,2024-01-19 02:00,105.53,95.33,140.87
2024-01-19 10:00,2024-01-19 03:00,164.33,123.45,141.08
2024-01-19 11:00,2024-01-19 04:00,175.42,173.74,141.28
2024-01-19 12:00,2024-01-19 05:00,232.06,216.27,141.56
2024-01-19 13:00,2024-01-19 06:00,192.44,275.77,141.78
2024-01-19 14:00,2024-01-19 07:00,156.34,340.6,141.95
2024-01-19 15:00,2024-01-19 08:00,149.77,464.15,142.11
2024-01-19 16:00,2024-01-19 09:00,72.70,128.88,142.16
2024-01-19 17:00,2024-01-19 10:00,62.66,67.14,142.19
2024-01-19 18:00,2024-01-19 11:00,57.64,52.27,142.18
2024-01-19 19:00,2024-01-19 12:00,63.91,63.7,142.23
2024-01-19 20:00,2024-01-19 13:00,68.25,72.23,142.27
2024-01-19 21:00,2024-01-19 14:00,87.76,63.11,142.37
2024-01-19 22:00,2024-01-19 15:00,72.76,65.66,142.43
2024-01-19 23:00,2024-01-19 16:00,55.55,62.36,142.45
2024-01-20 00:00,2024-01-19 17:00,62.15,61.83,142.48
2024-01-20 01:00,2024-01-19 18:00,63.60,69.43,142.52
2024-01-20 02:00,2024-01-19 19:00,61.12,59.93,142.57
2024-01-20 03:00,2024-01-19 20:00,58.44,53.88,142.61
2024-01-20 04:00,2024-01-19 21:00,53.29,53.88,142.64
2024-01-20 05:00,2024-01-19 22:00,55.10,48.41,142.69
2024-01-20 06:00,2024-01-19 23:00,75.25,94.85,142.78
2024-01-20 07:00,2024-01-20 00:00,65.62,59.03,142.86
2024-01-20 08:00,2024-01-20 01:00,65.72,59.72,142.96
2024-01-20 09:00,2024-01-20 02:00,70.18,60.5,143.05
2024-01-20 10:00,2024-01-20 03:00,103.75,60.19,143.19
2024-01-20 11:00,2024-01-20 04:00,121.40,63.45,143.35
2024-01-20 12:00,2024-01-20 05:00,101.00,76.5,143.46
2024-01-20 13:00,2024-01-20 06:00,64.97,54.95,143.50
2024-01-20 14:00,2024-01-20 07:00,55.54,54.88,143.44
2024-01-20 15:00,2024-01-20 08:00,59.40,59.82,143.23
2024-01-20 16:00,2024-01-20 09:00,57.88,150.22,143.19
2024-01-20 17:00,2024-01-20 10:00,53.49,57.15,143.22
2024-01-20 18:00,2024-01-20 11:00,60.71,58.78,143.22
2024-01-20 19:00,2024-01-20 12:00,80.80,113.71,143.29
2024-01-20 20:00,2024-01-20 13:00,80.80,96.08,143.36
2024-01-20 21:00,2024-01-20 14:00,80.80,60.12,143.43
2024-01-20 22:00,2024-01-20 15:00,77.69,60.12,143.49
2024-01-20 23:00,2024-01-20 16:00,273.16,209.97,143.83
2024-01-21 00:00,2024-01-20 17:00,581.15,654.94,144.60
2024-01-21 01:00,2024-01-20 18:00,524.34,536.21,145.29
2024-01-21 02:00,2024-01-20 19:00,248.44,198.68,145.60
2024-01-21 03:00,2024-01-20 20:00,171.46,225.86,145.81
2024-01-21 04:00,2024-01-20 21:00,186.63,165.06,146.04
2024-01-21 05:00,2024-01-20 22:00,186.63,221.85,146.27
2024-01-21 06:00,2024-01-20 23:00,198.98,195.59,146.53
2024-01-21 07:00,2024-01-21 00:00,123.12,191.83,146.67
2024-01-21 08:00,2024-01-21 01:00,121.52,103.79,146.83
2024-01-21 09:00,2024-01-21 02:00,101.52,81.67,146.96
2024-01-21 10:00,2024-01-21 03:00,95.84,94.95,147.07
2024-01-21 11:00,2024-01-21 04:00,94.62,98.29,147.19
2024-01-21 12:00,2024-01-21 05:00,84.73,66.89,147.30
2024-01-21 13:00,2024-01-21 06:00,114.98,118.21,147.45
2024-01-21 14:00,2024-01-21 07:00,91.51,65.21,147.56
2024-01-21 15:00,2024-01-21 08:00,200.97,298.98,147.81
2024-01-21 16:00,2024-01-21 09:00,176.30,475.32,148.03
2024-01-21 17:00,2024-01-21 10:00,86.45,76.62,148.13
2024-01-21 18:00,2024-01-21 11:00,61.36,49.38,148.19
2024-01-21 19:00,2024-01-21 12:00,70.75,87.92,148.27
2024-01-21 20:00,2024-01-21 13:00,95.76,95.76,148.39
2024-01-21 21:00,2024-01-21 14:00,106.64,99.67,148.52
2024-01-21 22:00,2024-01-21 15:00,101.80,110.11,148.63
2024-01-21 23:00,2024-01-21 16:00,99.49,70.12,148.74
2024-01-22 00:00,2024-01-21 17:00,266.60,408.51,149.08
2024-01-22 01:00,2024-01-21 18:00,130.46,165.35,149.23
2024-01-22 02:00,2024-01-21 19:00,95.76,90.92,149.33
2024-01-22 03:00,2024-01-21 20:00,95.07,92.64,149.43
2024-01-22 04:00,2024-01-21 21:00,179.16,316.34,149.66
2024-01-22 05:00,2024-01-21 22:00,127.66,225.91,149.82
2024-01-22 06:00,2024-01-21 23:00,127.57,140.35,149.98
2024-01-22 07:00,2024-01-22 00:00,80.55,85.49,150.10
2024-01-22 08:00,2024-01-22 01:00,94.41,97.64,150.23
2024-01-22 09:00,2024-01-22 02:00,104.43,121.91,150.37
2024-01-22 10:00,2024-01-22 03:00,76.36,76.36,150.48
2024-01-22 11:00,2024-01-22 04:00,98.48,96.82,150.61
2024-01-22 12:00,2024-01-22 05:00,144.94,232.5,150.82
2024-01-22 13:00,2024-01-22 06:00,194.90,170.82,151.08
2024-01-22 14:00,2024-01-22 07:00,213.54,251.08,151.35
2024-01-22 15:00,2024-01-22 08:00,213.54,253.37,151.62
2024-01-22 16:00,2024-01-22 09:00,329.05,446.76,152.03
2024-01-22 17:00,2024-01-22 10:00,213.54,252.27,152.30
2024-01-22 18:00,2024-01-22 11:00,144.87,136.38,152.47
2024-01-22 19:00,2024-01-22 12:00,99.00,77.66,152.57
2024-01-22 20:00,2024-01-22 13:00,158.45,194.0,152.76
2024-01-22 21:00,2024-01-22 14:00,194.00,213.54,153.00
2024-01-22 22:00,2024-01-22 15:00,87.93,109.87,153.07
2024-01-22 23:00,2024-01-22 16:00,95.40,98.31,153.14
2024-01-23 00:00,2024-01-22 17:00,174.16,165.15,153.27
2024-01-23 01:00,2024-01-22 18:00,164.94,236.61,153.40
2024-01-23 02:00,2024-01-22 19:00,115.00,115.29,153.46
2024-01-23 03:00,2024-01-22 20:00,106.83,110.05,153.50
2024-01-23 04:00,2024-01-22 21:00,57.04,57.09,153.49
2024-01-23 05:00,2024-01-22 22:00,55.51,54.47,153.43
2024-01-23 06:00,2024-01-22 23:00,61.48,61.69,153.35
2024-01-23 07:00,2024-01-23 00:00,68.93,62.23,153.27
2024-01-23 08:00,2024-01-23 01:00,53.18,53.52,153.22
2024-01-23 09:00,2024-01-23 02:00,53.60,51.84,153.13
2024-01-23 10:00,2024-01-23 03:00,48.14,46.99,153.05
2024-01-23 11:00,2024-01-23 04:00,48.78,48.43,153.02
2024-01-23 12:00,2024-01-23 05:00,52.06,53.09,153.00
2024-01-23 13:00,2024-01-23 06:00,62.89,82.47,153.00
2024-01-23 14:00,2024-01-23 07:00,81.77,113.2,153.06
2024-01-23 15:00,2024-01-23 08:00,72.59,89.91,153.11
2024-01-23 16:00,2024-01-23 09:00,44.18,49.22,153.13
2024-01-23 17:00,2024-01-23 10:00,36.93,42.38,153.15
2024-01-23 18:00,2024-01-23 11:00,42.33,36.91,153.17
2024-01-23 19:00,2024-01-23 12:00,39.64,37.48,153.18
2024-01-23 20:00,2024-01-23 13:00,45.53,37.9,153.19
2024-01-23 21:00,2024-01-23 14:00,42.36,37.1,153.20
2024-01-23 22:00,2024-01-23 15:00,39.60,36.78,153.20
2024-01-23 23:00,2024-01-23 16:00,43.81,35.67,153.21
2024-01-24 00:00,2024-01-23 17:00,64.29,53.38,153.26
2024-01-24 01:00,2024-01-23 18:00,62.98,86.8,153.32
2024-01-24 02:00,2024-01-23 19:00,53.68,50.86,153.36
2024-01-24 03:00,2024-01-23 20:00,49.60,51.65,153.41
2024-01-24 04:00,2024-01-23 21:00,53.05,51.42,153.45
2024-01-24 05:00,2024-01-23 22:00,59.72,62.17,153.51
2024-01-24 06:00,2024-01-23 23:00,66.13,66.22,153.58
2024-01-24 07:00,2024-01-24 00:00,53.63,49.96,153.62
2024-01-24 08:00,2024-01-24 01:00,37.70,52.18,153.66
2024-01-24 09:00,2024-01-24 02:00,35.44,51.6,153.69
2024-01-24 10:00,2024-01-24 03:00,36.47,46.26,153.72
2024-01-24 11:00,2024-01-24 04:00,39.42,42.52,153.75
2024-01-24 12:00,2024-01-24 05:00,45.00,50.68,153.78
2024-01-24 13:00,2024-01-24 06:00,86.95,157.57,153.87
2024-01-24 14:00,2024-01-24 07:00,111.09,49.12,153.99
2024-01-24 15:00,2024-01-24 08:00,76.12,82.67,154.06
2024-01-24 16:00,2024-01-24 09:00,44.68,53.67,154.07
2024-01-24 17:00,2024-01-24 10:00,31.06,43.89,154.08
2024-01-24 18:00,2024-01-24 11:00,29.86,35.96,154.09
2024-01-24 19:00,2024-01-24 12:00,32.45,37.96,154.09
2024-01-24 20:00,2024-01-24 13:00,32.82,41.78,154.10
2024-01-24 21:00,2024-01-24 14:00,31.05,37.2,154.11
2024-01-24 22:00,2024-01-24 15:00,34.33,35.2,154.11
2024-01-24 23:00,2024-01-24 16:00,85.32,63.37,154.19
2024-01-25 00:00,2024-01-24 17:00,105.00,243.12,154.31
2024-01-25 01:00,2024-01-24 18:00,74.51,99.91,154.38
2024-01-25 02:00,2024-01-24 19:00,98.83,171.24,154.50
2024-01-25 03:00,2024-01-24 20:00,55.41,56.79,154.55
2024-01-25 04:00,2024-01-24 21:00,37.91,38.92,154.58
2024-01-25 05:00,2024-01-24 22:00,35.25,34.62,154.61
2024-01-25 06:00,2024-01-24 23:00,35.44,29.06,154.64
2024-01-25 07:00,2024-01-25 00:00,32.44,30.59,154.67
2024-01-25 08:00,2024-01-25 01:00,31.92,29.13,154.70
2024-01-25 09:00,2024-01-25 02:00,30.99,29.73,154.74
2024-01-25 10:00,2024-01-25 03:00,31.96,30.0,154.78
2024-01-25 11:00,2024-01-25 04:00,32.10,32.28,154.83
2024-01-25 12:00,2024-01-25 05:00,33.20,31.27,154.87
2024-01-25 13:00,2024-01-25 06:00,43.81,38.01,154.93
2024-01-25 14:00,2024-01-25 07:00,55.89,48.58,155.01
2024-01-25 15:00,2024-01-25 08:00,76.38,66.18,155.09
2024-01-25 16:00,2024-01-25 09:00,39.34,39.13,155.14
2024-01-25 17:00,2024-01-25 10:00,41.96,37.42,155.20
2024-01-25 18:00,2024-01-25 11:00,40.16,36.25,155.26
2024-01-25 19:00,2024-01-25 12:00,36.97,36.1,155.31
2024-01-25 20:00,2024-01-25 13:00,37.38,37.06,155.34
2024-01-25 21:00,2024-01-25 14:00,35.48,32.48,155.37
2024-01-25 22:00,2024-01-25 15:00,35.99,33.27,155.40
2024-01-25 23:00,2024-01-25 16:00,40.86,38.33,155.42
2024-01-26 00:00,2024-01-25 17:00,69.43,70.15,155.49
2024-01-26 01:00,2024-01-25 18:00,46.55,56.83,155.52
2024-01-26 02:00,2024-01-25 19:00,41.67,40.87,155.55
2024-01-26 03:00,2024-01-25 20:00,42.09,43.0,155.57
2024-01-26 04:00,2024-01-25 21:00,42.54,42.26,155.59
2024-01-26 05:00,2024-01-25 22:00,38.95,41.09,155.61
2024-01-26 06:00,2024-01-25 23:00,35.89,31.35,155.62
2024-01-26 07:00,2024-01-26 00:00,27.03,26.93,155.61
2024-01-26 08:00,2024-01-26 01:00,26.36,24.31,155.59
2024-01-26 09:00,2024-01-26 02:00,27.51,26.68,155.55
2024-01-26 10:00,2024-01-26 03:00,28.28,27.39,155.49
2024-01-26 11:00,2024-01-26 04:00,31.45,27.43,155.37
2024-01-26 12:00,2024-01-26 05:00,40.27,36.38,155.28
2024-01-26 13:00,2024-01-26 06:00,47.19,43.14,155.22
2024-01-26 14:00,2024-01-26 07:00,67.09,61.09,155.23
2024-01-26 15:00,2024-01-26 08:00,227.29,284.44,155.49
2024-01-26 16:00,2024-01-26 09:00,65.19,189.99,155.53
2024-01-26 17:00,2024-01-26 10:00,51.74,59.28,155.56
2024-01-26 18:00,2024-01-26 11:00,48.72,46.83,155.58
2024-01-26 19:00,2024-01-26 12:00,50.41,51.86,155.60
2024-01-26 20:00,2024-01-26 13:00,53.04,52.11,155.63
2024-01-26 21:00,2024-01-26 14:00,51.31,50.84,155.66
2024-01-26 22:00,2024-01-26 15:00,53.31,53.6,155.68
2024-01-26 23:00,2024-01-26 16:00,54.15,51.99,155.70
2024-01-27 00:00,2024-01-26 17:00,51.44,58.45,155.72
2024-01-27 01:00,2024-01-26 18:00,50.45,53.98,155.76
2024-01-27 02:00,2024-01-26 19:00,51.78,51.68,155.80
2024-01-27 03:00,2024-01-26 20:00,48.89,49.05,155.83
2024-01-27 04:00,2024-01-26 21:00,46.84,47.93,155.87
2024-01-27 05:00,2024-01-26 22:00,40.30,41.33,155.89
2024-01-27 06:00,2024-01-26 23:00,28.37,28.46,155.90
2024-01-27 07:00,2024-01-27 00:00,24.26,25.33,155.92
2024-01-27 08:00,2024-01-27 01:00,18.93,17.41,155.92
2024-01-27 09:00,2024-01-27 02:00,18.67,16.57,155.93
2024-01-27 10:00,2024-01-27 03:00,18.71,16.57,155.93
2024-01-27 11:00,2024-01-27 04:00,18.38,16.57,155.93
2024-01-27 12:00,2024-01-27 05:00,23.70,22.26,155.94
2024-01-27 13:00,2024-01-27 06:00,28.74,26.21,155.95
2024-01-27 14:00,2024-01-27 07:00,30.88,31.39,155.96
2024-01-27 15:00,2024-01-27 08:00,33.47,33.64,155.97
2024-01-27 16:00,2024-01-27 09:00,31.37,43.65,155.98
2024-01-27 17:00,2024-01-27 10:00,28.85,31.25,156.01
2024-01-27 18:00,2024-01-27 11:00,21.02,21.02,156.02
2024-01-27 19:00,2024-01-27 12:00,25.29,18.89,156.03
2024-01-27 20:00,2024-01-27 13:00,28.09,26.15,156.04
2024-01-27 21:00,2024-01-27 14:00,29.62,29.65,156.05
2024-01-27 22:00,2024-01-27 15:00,33.20,30.18,156.06
2024-01-27 23:00,2024-01-27 16:00,89.97,56.2,156.14
2024-01-28 00:00,2024-01-27 17:00,128.07,146.68,156.28
2024-01-28 01:00,2024-01-27 18:00,130.84,214.65,156.43
2024-01-28 02:00,2024-01-27 19:00,120.93,63.8,156.56
2024-01-28 03:00,2024-01-27 20:00,70.91,149.85,156.62
2024-01-28 04:00,2024-01-27 21:00,53.38,73.69,156.66
2024-01-28 05:00,2024-01-27 22:00,31.95,44.11,156.67
2024-01-28 06:00,2024-01-27 23:00,27.76,27.41,156.67
2024-01-28 07:00,2024-01-28 00:00,23.07,24.47,156.65
2024-01-28 08:00,2024-01-28 01:00,19.71,18.9,156.63
2024-01-28 09:00,2024-01-28 02:00,19.18,21.42,156.62
2024-01-28 10:00,2024-01-28 03:00,18.10,19.32,156.61
2024-01-28 11:00,2024-01-28 04:00,17.80,19.32,156.58
2024-01-28 12:00,2024-01-28 05:00,18.18,21.07,156.55
2024-01-28 13:00,2024-01-28 06:00,15.57,14.84,156.52
2024-01-28 14:00,2024-01-28 07:00,27.06,25.08,156.49
2024-01-28 15:00,2024-01-28 08:00,30.36,29.05,156.46
2024-01-28 16:00,2024-01-28 09:00,31.63,33.96,156.44
2024-01-28 17:00,2024-01-28 10:00,30.87,29.29,156.43
2024-01-28 18:00,2024-01-28 11:00,33.91,33.02,156.42
2024-01-28 19:00,2024-01-28 12:00,46.07,44.72,156.43
2024-01-28 20:00,2024-01-28 13:00,45.52,53.82,156.43
2024-01-28 21:00,2024-01-28 14:00,28.65,28.3,156.42
2024-01-28 22:00,2024-01-28 15:00,25.66,24.77,156.37
2024-01-28 23:00,2024-01-28 16:00,32.00,27.57,155.99
2024-01-29 00:00,2024-01-28 17:00,45.65,48.64,155.54
2024-01-29 01:00,2024-01-28 18:00,37.58,31.99,155.51
2024-01-29 02:00,2024-01-28 19:00,38.37,34.82,155.51
2024-01-29 03:00,2024-01-28 20:00,52.88,41.47,155.52
2024-01-29 04:00,2024-01-28 21:00,76.44,55.51,155.57
2024-01-29 05:00,2024-01-28 22:00,113.96,71.67,155.67
2024-01-29 06:00,2024-01-28 23:00,82.13,70.37,155.73
2024-01-29 07:00,2024-01-29 00:00,102.22,46.48,155.82
2024-01-29 08:00,2024-01-29 01:00,57.31,228.21,155.87
2024-01-29 09:00,2024-01-29 02:00,37.83,33.56,155.88
2024-01-29 10:00,2024-01-29 03:00,33.16,33.82,155.89
2024-01-29 11:00,2024-01-29 04:00,30.03,43.94,155.90
2024-01-29 12:00,2024-01-29 05:00,27.98,34.78,155.91
2024-01-29 13:00,2024-01-29 06:00,29.77,33.24,155.91
2024-01-29 14:00,2024-01-29 07:00,34.34,42.06,155.92
2024-01-29 15:00,2024-01-29 08:00,39.10,43.03,155.94
2024-01-29 16:00,2024-01-29 09:00,35.01,43.03,155.95
2024-01-29 17:00,2024-01-29 10:00,41.86,40.3,155.98
2024-01-29 18:00,2024-01-29 11:00,42.87,46.79,156.01
2024-01-29 19:00,2024-01-29 12:00,46.73,39.56,156.04
2024-01-29 20:00,2024-01-29 13:00,63.66,107.5,156.09
2024-01-29 21:00,2024-01-29 14:00,61.69,50.62,156.14
2024-01-29 22:00,2024-01-29 15:00,42.44,47.06,156.15
2024-01-29 23:00,2024-01-29 16:00,36.32,31.2,156.15
2024-01-30 00:00,2024-01-29 17:00,32.07,39.47,156.14
2024-01-30 01:00,2024-01-29 18:00,29.42,29.3,156.13
2024-01-30 02:00,2024-01-29 19:00,31.13,29.96,156.13
2024-01-30 03:00,2024-01-29 20:00,43.95,39.53,156.16
2024-01-30 04:00,2024-01-29 21:00,69.07,100.48,156.21
2024-01-30 05:00,2024-01-29 22:00,40.17,45.63,156.24
2024-01-30 06:00,2024-01-29 23:00,33.85,35.64,156.27
2024-01-30 07:00,2024-01-30 00:00,24.34,25.45,156.28
2024-01-30 08:00,2024-01-30 01:00,21.70,23.27,156.28
2024-01-30 09:00,2024-01-30 02:00,21.59,18.76,156.28
2024-01-30 10:00,2024-01-30 03:00,25.30,25.1,156.29
2024-01-30 11:00,2024-01-30 04:00,25.26,26.63,156.29
2024-01-30 12:00,2024-01-30 05:00,25.37,25.45,156.30
2024-01-30 13:00,2024-01-30 06:00,21.40,24.42,156.30
2024-01-30 14:00,2024-01-30 07:00,36.10,44.37,156.31
2024-01-30 15:00,2024-01-30 08:00,39.82,37.91,156.33
2024-01-30 16:00,2024-01-30 09:00,28.67,26.85,156.34
2024-01-30 17:00,2024-01-30 10:00,33.00,35.64,156.33
2024-01-30 18:00,2024-01-30 11:00,26.66,26.71,156.32
2024-01-30 19:00,2024-01-30 12:00,24.38,25.36,156.30
2024-01-30 20:00,2024-01-30 13:00,24.12,23.11,156.28
2024-01-30 21:00,2024-01-30 14:00,23.59,18.79,156.27
2024-01-30 22:00,2024-01-30 15:00,25.85,24.45,156.25
2024-01-30 23:00,2024-01-30 16:00,26.54,25.92,156.22
2024-01-31 00:00,2024-01-30 17:00,29.67,32.58,156.21
2024-01-31 01:00,2024-01-30 18:00,29.25,28.31,156.19
2024-01-31 02:00,2024-01-30 19:00,26.00,32.69,156.17
2024-01-31 03:00,2024-01-30 20:00,30.28,26.27,156.16
2024-01-31 04:00,2024-01-30 21:00,37.03,36.88,156.18
2024-01-31 05:00,2024-01-30 22:00,40.92,38.89,156.20
2024-01-31 06:00,2024-01-30 23:00,53.36,44.17,156.24
2024-01-31 07:00,2024-01-31 00:00,75.37,104.96,156.31
2024-01-31 08:00,2024-01-31 01:00,51.93,43.93,156.35
2024-01-31 09:00,2024-01-31 02:00,56.10,54.12,156.40
2024-01-31 10:00,2024-01-31 03:00,38.85,35.66,156.42
2024-01-31 11:00,2024-01-31 04:00,46.59,39.33,156.45
2024-01-31 12:00,2024-01-31 05:00,63.00,86.39,156.50
2024-01-31 13:00,2024-01-31 06:00,84.05,142.37,156.57
2024-01-31 14:00,2024-01-31 07:00,93.00,229.15,156.66
2024-01-31 15:00,2024-01-31 08:00,46.14,77.46,156.68
2024-01-31 16:00,2024-01-31 09:00,33.36,42.59,156.67
2024-01-31 17:00,2024-01-31 10:00,26.32,32.22,156.65
2024-01-31 18:00,2024-01-31 11:00,34.79,35.11,156.65
2024-01-31 19:00,2024-01-31 12:00,39.44,40.73,156.65
2024-01-31 20:00,2024-01-31 13:00,47.03,46.23,156.66
2024-01-31 21:00,2024-01-31 14:00,46.65,51.97,156.69
2024-01-31 22:00,2024-01-31 15:00,53.95,44.65,156.73
2024-01-31 23:00,2024-01-31 16:00,56.07,100.91,156.75
2024-02-01 00:00,2024-01-31 17:00,42.28,43.33,156.75
2024-02-01 01:00,2024-01-31 18:00,35.81,38.13,156.74
2024-02-01 02:00,2024-01-31 19:00,37.05,40.36,156.74
2024-02-01 03:00,2024-01-31 20:00,40.07,54.07,156.73
2024-02-01 04:00,2024-01-31 21:00,48.41,47.31,156.73
2024-02-01 05:00,2024-01-31 22:00,38.04,37.48,156.72
2024-02-01 06:00,2024-01-31 23:00,39.76,35.59,156.71
2024-02-01 07:00,2024-02-01 00:00,36.35,34.7,156.71
2024-02-01 08:00,2024-02-01 01:00,36.72,35.49,156.71
2024-02-01 09:00,2024-02-01 02:00,35.67,36.05,156.71
2024-02-01 10:00,2024-02-01 03:00,35.67,33.0,156.70
2024-02-01 11:00,2024-02-01 04:00,36.59,35.74,156.70
2024-02-01 12:00,2024-02-01 05:00,43.26,47.27,156.70
2024-02-01 13:00,2024-02-01 06:00,37.16,32.84,156.66
2024-02-01 14:00,2024-02-01 07:00,51.30,36.66,156.67
2024-02-01 15:00,2024-02-01 08:00,91.84,123.33,156.73
2024-02-01 16:00,2024-02-01 09:00,49.33,65.32,156.73
2024-02-01 17:00,2024-02-01 10:00,37.66,29.65,156.72
2024-02-01 18:00,2024-02-01 11:00,53.00,44.99,156.73
2024-02-01 19:00,2024-02-01 12:00,77.07,97.14,156.78
2024-02-01 20:00,2024-02-01 13:00,63.21,53.62,156.80
2024-02-01 21:00,2024-02-01 14:00,56.52,46.0,156.79
2024-02-01 22:00,2024-02-01 15:00,52.84,50.23,156.69
2024-02-01 23:00,2024-02-01 16:00,79.66,81.8,156.28
2024-02-02 00:00,2024-02-01 17:00,46.59,48.43,155.89
2024-02-02 01:00,2024-02-01 18:00,47.81,54.93,155.80
2024-02-02 02:00,2024-02-01 19:00,39.61,45.47,155.79
2024-02-02 03:00,2024-02-01 20:00,41.45,38.57,155.78
2024-02-02 04:00,2024-02-01 21:00,49.99,48.97,155.77
2024-02-02 05:00,2024-02-01 22:00,54.60,57.06,155.70
2024-02-02 06:00,2024-02-01 23:00,63.18,51.86,155.58
2024-02-02 07:00,2024-02-02 00:00,130.79,103.48,155.64
2024-02-02 08:00,2024-02-02 01:00,65.65,73.61,155.62
2024-02-02 09:00,2024-02-02 02:00,108.92,52.94,155.67
2024-02-02 10:00,2024-02-02 03:00,114.07,214.0,155.74
2024-02-02 11:00,2024-02-02 04:00,74.84,44.49,155.72
2024-02-02 12:00,2024-02-02 05:00,56.39,135.86,155.55
2024-02-02 13:00,2024-02-02 06:00,54.43,92.02,155.49
2024-02-02 14:00,2024-02-02 07:00,66.23,49.99,155.51
2024-02-02 15:00,2024-02-02 08:00,45.97,65.8,155.45
2024-02-02 16:00,2024-02-02 09:00,74.36,33.88,155.47
2024-02-02 17:00,2024-02-02 10:00,123.26,80.0,155.53
2024-02-02 18:00,2024-02-02 11:00,398.40,261.92,155.98
2024-02-02 19:00,2024-02-02 12:00,231.90,29.87,156.23
2024-02-02 20:00,2024-02-02 13:00,292.50,343.46,156.58
2024-02-02 21:00,2024-02-02 14:00,287.57,292.64,156.94
2024-02-02 22:00,2024-02-02 15:00,448.34,330.06,157.48
2024-02-02 23:00,2024-02-02 16:00,702.85,60.89,158.38
2024-02-03 00:00,2024-02-02 17:00,868.30,919.86,159.52
2024-02-03 01:00,2024-02-02 18:00,707.84,861.58,160.45
2024-02-03 02:00,2024-02-02 19:00,348.29,328.75,160.88
2024-02-03 03:00,2024-02-02 20:00,237.00,164.93,161.17
2024-02-03 04:00,2024-02-02 21:00,140.32,153.74,161.31
2024-02-03 05:00,2024-02-02 22:00,106.14,170.88,161.40
2024-02-03 06:00,2024-02-02 23:00,60.00,63.56,161.43
2024-02-03 07:00,2024-02-03 00:00,50.21,45.38,161.44
2024-02-03 08:00,2024-02-03 01:00,39.77,46.7,161.44
2024-02-03 09:00,2024-02-03 02:00,34.83,35.0,161.45
2024-02-03 10:00,2024-02-03 03:00,35.34,35.34,161.46
2024-02-03 11:00,2024-02-03 04:00,44.25,41.07,161.48
2024-02-03 12:00,2024-02-03 05:00,47.80,47.51,161.49
2024-02-03 13:00,2024-02-03 06:00,48.06,58.54,161.47
2024-02-03 14:00,2024-02-03 07:00,51.67,49.16,161.47
2024-02-03 15:00,2024-02-03 08:00,45.58,54.46,161.46
2024-02-03 16:00,2024-02-03 09:00,46.60,52.76,161.46
2024-02-03 17:00,2024-02-03 10:00,65.26,53.06,161.48
2024-02-03 18:00,2024-02-03 11:00,53.44,84.21,161.50
2024-02-03 19:00,2024-02-03 12:00,31.90,31.91,161.49
2024-02-03 20:00,2024-02-03 13:00,30.05,31.7,161.48
2024-02-03 21:00,2024-02-03 14:00,28.07,27.55,161.47
2024-02-03 22:00,2024-02-03 15:00,28.17,28.5,161.45
2024-02-03 23:00,2024-02-03 16:00,31.69,27.81,161.42
2024-02-04 00:00,2024-02-03 17:00,44.24,164.05,161.41
2024-02-04 01:00,2024-02-03 18:00,32.37,33.22,161.40
2024-02-04 02:00,2024-02-03 19:00,31.75,31.63,161.39
2024-02-04 03:00,2024-02-03 20:00,33.87,28.09,161.40
2024-02-04 04:00,2024-02-03 21:00,31.24,31.6,161.40
2024-02-04 05:00,2024-02-03 22:00,26.07,27.44,161.38
2024-02-04 06:00,2024-02-03 23:00,17.48,17.41,161.36
2024-02-04 07:00,2024-02-04 00:00,27.10,26.28,161.36
2024-02-04 08:00,2024-02-04 01:00,27.48,27.35,161.35
2024-02-04 09:00,2024-02-04 02:00,27.54,27.54,161.35
2024-02-04 10:00,2024-02-04 03:00,29.36,28.0,161.35
2024-02-04 11:00,2024-02-04 04:00,37.82,33.23,161.36
2024-02-04 12:00,2024-02-04 05:00,47.21,42.44,161.33
2024-02-04 13:00,2024-02-04 06:00,50.05,50.7,161.11
2024-02-04 14:00,2024-02-04 07:00,41.44,32.15,160.81
2024-02-04 15:00,2024-02-04 08:00,44.40,35.52,160.76
2024-02-04 16:00,2024-02-04 09:00,49.32,41.44,160.71
2024-02-04 17:00,2024-02-04 10:00,67.52,52.55,160.73
2024-02-04 18:00,2024-02-04 11:00,66.97,53.37,160.75
2024-02-04 19:00,2024-02-04 12:00,75.78,47.91,160.79
2024-02-04 20:00,2024-02-04 13:00,51.65,48.24,160.79
2024-02-04 21:00,2024-02-04 14:00,116.72,48.24,160.88
2024-02-04 22:00,2024-02-04 15:00,159.33,65.44,161.04
2024-02-04 23:00,2024-02-04 16:00,389.50,328.23,161.44
2024-02-05 00:00,2024-02-04 17:00,684.19,783.38,162.23
2024-02-05 01:00,2024-02-04 18:00,707.45,777.24,163.16
2024-02-05 02:00,2024-02-04 19:00,509.39,518.42,163.82
2024-02-05 03:00,2024-02-04 20:00,333.80,350.91,164.24
2024-02-05 04:00,2024-02-04 21:00,200.00,254.41,164.46
2024-02-05 05:00,2024-02-04 22:00,90.45,254.56,164.54
2024-02-05 06:00,2024-02-04 23:00,67.62,80.75,164.58
2024-02-05 07:00,2024-02-05 00:00,58.51,60.16,164.61
2024-02-05 08:00,2024-02-05 01:00,65.14,102.34,164.64
2024-02-05 09:00,2024-02-05 02:00,65.14,60.0,164.68
2024-02-05 10:00,2024-02-05 03:00,81.04,102.34,164.74
2024-02-05 11:00,2024-02-05 04:00,52.71,51.34,164.76
2024-02-05 12:00,2024-02-05 05:00,49.93,47.13,164.78
2024-02-05 13:00,2024-02-05 06:00,112.10,69.19,164.87
2024-02-05 14:00,2024-02-05 07:00,318.27,217.93,165.23
2024-02-05 15:00,2024-02-05 08:00,472.99,231.72,165.78
2024-02-05 16:00,2024-02-05 09:00,427.31,639.48,166.29
2024-02-05 17:00,2024-02-05 10:00,174.34,79.57,166.46
2024-02-05 18:00,2024-02-05 11:00,147.18,45.37,166.58
2024-02-05 19:00,2024-02-05 12:00,159.90,170.9,166.67
2024-02-05 20:00,2024-02-05 13:00,187.61,285.14,166.75
2024-02-05 21:00,2024-02-05 14:00,158.09,59.13,166.73
2024-02-05 22:00,2024-02-05 15:00,399.12,403.83,166.83
2024-02-05 23:00,2024-02-05 16:00,506.39,419.9,167.25
2024-02-06 00:00,2024-02-05 17:00,771.54,811.31,168.04
2024-02-06 01:00,2024-02-05 18:00,661.81,692.31,168.88
2024-02-06 02:00,2024-02-05 19:00,539.92,527.5,169.54
2024-02-06 03:00,2024-02-05 20:00,353.11,432.8,169.92
2024-02-06 04:00,2024-02-05 21:00,206.77,216.48,170.07
2024-02-06 05:00,2024-02-05 22:00,101.86,81.85,170.13
2024-02-06 06:00,2024-02-05 23:00,142.94,250.29,170.25
2024-02-06 07:00,2024-02-06 00:00,63.95,50.61,170.25
2024-02-06 08:00,2024-02-06 01:00,98.88,64.28,170.27
2024-02-06 09:00,2024-02-06 02:00,99.58,122.18,170.28
2024-02-06 10:00,2024-02-06 03:00,104.28,96.26,170.33
2024-02-06 11:00,2024-02-06 04:00,78.68,46.73,170.34
2024-02-06 12:00,2024-02-06 05:00,83.29,106.52,170.35
2024-02-06 13:00,2024-02-06 06:00,200.10,141.86,170.48
2024-02-06 14:00,2024-02-06 07:00,264.05,328.37,170.74
2024-02-06 15:00,2024-02-06 08:00,522.36,481.94,171.33
2024-02-06 16:00,2024-02-06 09:00,476.27,530.77,171.89
2024-02-06 17:00,2024-02-06 10:00,397.18,397.18,172.36
2024-02-06 18:00,2024-02-06 11:00,287.12,320.31,172.68
2024-02-06 19:00,2024-02-06 12:00,57.21,247.04,172.67
2024-02-06 20:00,2024-02-06 13:00,50.58,51.64,172.66
2024-02-06 21:00,2024-02-06 14:00,52.62,52.34,172.65
2024-02-06 22:00,2024-02-06 15:00,247.30,73.79,172.88
2024-02-06 23:00,2024-02-06 16:00,250.97,107.85,172.70
2024-02-07 00:00,2024-02-06 17:00,378.94,520.5,172.08
2024-02-07 01:00,2024-02-06 18:00,330.27,427.78,171.73
2024-02-07 02:00,2024-02-06 19:00,112.08,262.53,171.11
2024-02-07 03:00,2024-02-06 20:00,222.42,224.67,171.01
2024-02-07 04:00,2024-02-06 21:00,172.16,172.78,171.08
2024-02-07 05:00,2024-02-06 22:00,72.36,64.02,171.05
2024-02-07 06:00,2024-02-06 23:00,161.58,88.13,171.17
2024-02-07 07:00,2024-02-07 00:00,112.71,176.1,171.18
2024-02-07 08:00,2024-02-07 01:00,85.46,112.93,171.13
2024-02-07 09:00,2024-02-07 02:00,53.97,53.81,171.07
2024-02-07 10:00,2024-02-07 03:00,53.47,53.74,171.01
2024-02-07 11:00,2024-02-07 04:00,83.15,69.35,171.00
2024-02-07 12:00,2024-02-07 05:00,100.00,127.95,171.00
2024-02-07 13:00,2024-02-07 06:00,75.09,77.25,171.00
2024-02-07 14:00,2024-02-07 07:00,128.70,336.89,171.09
2024-02-07 15:00,2024-02-07 08:00,144.69,434.43,171.21
2024-02-07 16:00,2024-02-07 09:00,53.53,52.28,171.22
2024-02-07 17:00,2024-02-07 10:00,131.88,54.14,171.35
2024-02-07 18:00,2024-02-07 11:00,216.13,264.21,171.60
2024-02-07 19:00,2024-02-07 12:00,91.88,183.14,171.67
2024-02-07 20:00,2024-02-07 13:00,49.65,52.28,171.67
2024-02-07 21:00,2024-02-07 14:00,52.74,52.28,171.67
2024-02-07 22:00,2024-02-07 15:00,66.83,68.89,171.68
2024-02-07 23:00,2024-02-07 16:00,74.91,54.92,171.66
2024-02-08 00:00,2024-02-07 17:00,116.39,203.89,171.68
2024-02-08 01:00,2024-02-07 18:00,62.08,54.06,171.64
2024-02-08 02:00,2024-02-07 19:00,52.90,46.99,171.62
2024-02-08 03:00,2024-02-07 20:00,52.52,33.87,171.60
2024-02-08 04:00,2024-02-07 21:00,53.78,57.26,171.55
2024-02-08 05:00,2024-02-07 22:00,53.78,77.66,171.51
2024-02-08 06:00,2024-02-07 23:00,120.83,103.61,171.55
2024-02-08 07:00,2024-02-08 00:00,84.14,83.9,171.60
2024-02-08 08:00,2024-02-08 01:00,71.93,70.82,171.63
2024-02-08 09:00,2024-02-08 02:00,58.10,46.94,171.66
2024-02-08 10:00,2024-02-08 03:00,94.45,124.49,171.74
2024-02-08 11:00,2024-02-08 04:00,80.09,90.0,171.81
2024-02-08 12:00,2024-02-08 05:00,66.09,61.57,171.85
2024-02-08 13:00,2024-02-08 06:00,123.58,128.72,171.97
2024-02-08 14:00,2024-02-08 07:00,120.07,172.39,172.08
2024-02-08 15:00,2024-02-08 08:00,75.00,196.79,172.14
2024-02-08 16:00,2024-02-08 09:00,75.00,171.21,172.20
2024-02-08 17:00,2024-02-08 10:00,183.60,210.17,172.41
2024-02-08 18:00,2024-02-08 11:00,75.00,56.91,172.46
2024-02-08 19:00,2024-02-08 12:00,129.07,178.38,172.59
2024-02-08 20:00,2024-02-08 13:00,54.69,50.0,172.60
2024-02-08 21:00,2024-02-08 14:00,155.34,168.94,172.76
2024-02-08 22:00,2024-02-08 15:00,213.71,168.94,173.01
2024-02-08 23:00,2024-02-08 16:00,213.71,173.58,173.25
2024-02-09 00:00,2024-02-08 17:00,213.71,257.47,173.50
2024-02-09 01:00,2024-02-08 18:00,213.71,310.25,173.74
2024-02-09 02:00,2024-02-08 19:00,208.05,417.6,173.97
2024-02-09 03:00,2024-02-08 20:00,121.29,170.05,174.08
2024-02-09 04:00,2024-02-08 21:00,80.25,84.38,174.14
2024-02-09 05:00,2024-02-08 22:00,67.86,102.71,174.17
2024-02-09 06:00,2024-02-08 23:00,168.83,178.77,174.33
2024-02-09 07:00,2024-02-09 00:00,79.11,162.02,174.37
2024-02-09 08:00,2024-02-09 01:00,50.29,53.51,174.37
2024-02-09 09:00,2024-02-09 02:00,74.05,50.89,174.42
2024-02-09 10:00,2024-02-09 03:00,94.27,162.05,174.48
2024-02-09 11:00,2024-02-09 04:00,90.35,129.67,174.53
2024-02-09 12:00,2024-02-09 05:00,93.54,125.58,174.60
2024-02-09 13:00,2024-02-09 06:00,125.16,94.76,174.70
2024-02-09 14:00,2024-02-09 07:00,82.26,97.4,174.74
2024-02-09 15:00,2024-02-09 08:00,78.04,50.25,174.76
2024-02-09 16:00,2024-02-09 09:00,45.90,47.03,174.72
2024-02-09 17:00,2024-02-09 10:00,56.23,47.34,174.69
2024-02-09 18:00,2024-02-09 11:00,46.21,46.57,174.65
2024-02-09 19:00,2024-02-09 12:00,40.67,47.67,174.59
2024-02-09 20:00,2024-02-09 13:00,42.08,34.46,174.53
2024-02-09 21:00,2024-02-09 14:00,40.94,44.06,174.48
2024-02-09 22:00,2024-02-09 15:00,35.27,32.01,174.11
2024-02-09 23:00,2024-02-09 16:00,42.89,34.54,173.76
2024-02-10 00:00,2024-02-09 17:00,81.60,113.09,173.22
2024-02-10 01:00,2024-02-09 18:00,50.36,50.44,172.81
2024-02-10 02:00,2024-02-09 19:00,56.98,101.66,172.74
2024-02-10 03:00,2024-02-09 20:00,65.04,57.59,172.70
2024-02-10 04:00,2024-02-09 21:00,70.00,76.2,172.68
2024-02-10 05:00,2024-02-09 22:00,52.88,53.74,172.65
2024-02-10 06:00,2024-02-09 23:00,51.13,124.83,172.61
2024-02-10 07:00,2024-02-10 00:00,68.49,80.17,172.59
2024-02-10 08:00,2024-02-10 01:00,46.32,46.38,172.56
2024-02-10 09:00,2024-02-10 02:00,39.29,35.7,172.53
2024-02-10 10:00,2024-02-10 03:00,41.67,45.13,172.49
2024-02-10 11:00,2024-02-10 04:00,45.98,47.17,172.47
2024-02-10 12:00,2024-02-10 05:00,41.43,42.39,172.44
2024-02-10 13:00,2024-02-10 06:00,47.57,46.18,172.40
2024-02-10 14:00,2024-02-10 07:00,47.81,49.17,172.17
2024-02-10 15:00,2024-02-10 08:00,64.09,86.71,171.42
2024-02-10 16:00,2024-02-10 09:00,36.02,60.53,171.36
2024-02-10 17:00,2024-02-10 10:00,31.36,31.42,171.30
2024-02-10 18:00,2024-02-10 11:00,30.02,28.28,171.24
2024-02-10 19:00,2024-02-10 12:00,32.75,34.42,171.18
2024-02-10 20:00,2024-02-10 13:00,35.88,35.61,171.04
2024-02-10 21:00,2024-02-10 14:00,38.22,34.82,170.86
2024-02-10 22:00,2024-02-10 15:00,54.40,36.83,170.82
2024-02-10 23:00,2024-02-10 16:00,80.85,49.72,170.74
2024-02-11 00:00,2024-02-10 17:00,103.34,207.56,170.01
2024-02-11 01:00,2024-02-10 18:00,93.96,125.65,169.22
2024-02-11 02:00,2024-02-10 19:00,37.50,36.66,168.54
2024-02-11 03:00,2024-02-10 20:00,38.31,40.47,167.97
2024-02-11 04:00,2024-02-10 21:00,35.57,37.58,167.14
2024-02-11 05:00,2024-02-10 22:00,32.23,34.44,166.57
2024-02-11 06:00,2024-02-10 23:00,25.63,26.11,166.44
2024-02-11 07:00,2024-02-11 00:00,25.58,26.65,166.16
2024-02-11 08:00,2024-02-11 01:00,25.44,25.59,165.75
2024-02-11 09:00,2024-02-11 02:00,24.32,24.73,165.25
2024-02-11 10:00,2024-02-11 03:00,20.79,20.82,164.90
2024-02-11 11:00,2024-02-11 04:00,23.58,20.82,164.52
2024-02-11 12:00,2024-02-11 05:00,24.75,20.82,163.94
2024-02-11 13:00,2024-02-11 06:00,29.27,25.75,163.20
2024-02-11 14:00,2024-02-11 07:00,36.77,32.5,162.23
2024-02-11 15:00,2024-02-11 08:00,106.27,90.02,161.06
2024-02-11 16:00,2024-02-11 09:00,88.06,124.24,159.81
2024-02-11 17:00,2024-02-11 10:00,36.27,53.6,158.53
2024-02-11 18:00,2024-02-11 11:00,27.36,24.71,157.38
2024-02-11 19:00,2024-02-11 12:00,29.57,27.52,156.29
2024-02-11 20:00,2024-02-11 13:00,30.13,28.52,155.30
2024-02-11 21:00,2024-02-11 14:00,32.29,32.33,154.45
2024-02-11 22:00,2024-02-11 15:00,38.37,33.66,153.47
2024-02-11 23:00,2024-02-11 16:00,48.25,44.43,152.17
2024-02-12 00:00,2024-02-11 17:00,130.33,65.04,150.96
2024-02-12 01:00,2024-02-11 18:00,96.56,92.32,149.70
2024-02-12 02:00,2024-02-11 19:00,45.25,48.17,148.38
2024-02-12 03:00,2024-02-11 20:00,51.72,43.68,147.06
2024-02-12 04:00,2024-02-11 21:00,88.59,169.2,145.90
2024-02-12 05:00,2024-02-11 22:00,42.25,39.96,145.69
2024-02-12 06:00,2024-02-11 23:00,43.39,58.93,145.47
2024-02-12 07:00,2024-02-12 00:00,45.50,45.97,145.16
2024-02-12 08:00,2024-02-12 01:00,43.15,49.76,144.56
2024-02-12 09:00,2024-02-12 02:00,48.55,50.17,144.29
2024-02-12 10:00,2024-02-12 03:00,47.16,48.49,144.02
2024-02-12 11:00,2024-02-12 04:00,42.42,46.67,143.58
2024-02-12 12:00,2024-02-12 05:00,44.40,41.81,142.73
2024-02-12 13:00,2024-02-12 06:00,107.71,91.91,141.99
2024-02-12 14:00,2024-02-12 07:00,99.96,119.12,141.76
2024-02-12 15:00,2024-02-12 08:00,104.69,119.68,140.90
2024-02-12 16:00,2024-02-12 09:00,41.84,50.16,139.90
2024-02-12 17:00,2024-02-12 10:00,36.85,39.44,139.11
2024-02-12 18:00,2024-02-12 11:00,36.11,36.44,138.27
2024-02-12 19:00,2024-02-12 12:00,42.01,36.39,137.36
2024-02-12 20:00,2024-02-12 13:00,44.33,43.12,136.49
2024-02-12 21:00,2024-02-12 14:00,43.85,45.73,135.73
2024-02-12 22:00,2024-02-12 15:00,33.09,29.94,134.53
2024-02-12 23:00,2024-02-12 16:00,32.87,28.84,133.19
2024-02-13 00:00,2024-02-12 17:00,36.08,42.81,131.85
2024-02-13 01:00,2024-02-12 18:00,31.76,34.41,130.50
2024-02-13 02:00,2024-02-12 19:00,31.63,31.49,129.16
2024-02-13 03:00,2024-02-12 20:00,48.38,33.67,127.93
2024-02-13 04:00,2024-02-12 21:00,122.19,78.18,127.06
2024-02-13 05:00,2024-02-12 22:00,237.31,250.89,126.36
2024-02-13 06:00,2024-02-12 23:00,148.24,131.33,126.07
2024-02-13 07:00,2024-02-13 00:00,91.10,100.29,125.91
2024-02-13 08:00,2024-02-13 01:00,34.37,35.34,125.73
2024-02-13 09:00,2024-02-13 02:00,34.76,34.97,125.45
2024-02-13 10:00,2024-02-13 03:00,49.50,42.5,124.97
2024-02-13 11:00,2024-02-13 04:00,121.14,146.09,124.48
2024-02-13 12:00,2024-02-13 05:00,73.39,99.27,123.76
2024-02-13 13:00,2024-02-13 06:00,87.16,37.24,122.73
2024-02-13 14:00,2024-02-13 07:00,39.62,35.45,121.65
2024-02-13 15:00,2024-02-13 08:00,42.26,42.01,120.36
2024-02-13 16:00,2024-02-13 09:00,43.94,51.47,119.23
2024-02-13 17:00,2024-02-13 10:00,40.68,42.01,118.16
2024-02-13 18:00,2024-02-13 11:00,34.91,37.41,117.05
2024-02-13 19:00,2024-02-13 12:00,34.90,35.56,116.17
2024-02-13 20:00,2024-02-13 13:00,35.74,35.03,115.46
2024-02-13 21:00,2024-02-13 14:00,34.44,35.45,114.69
2024-02-13 22:00,2024-02-13 15:00,29.30,25.39,113.37
2024-02-13 23:00,2024-02-13 16:00,31.81,30.77,112.02
2024-02-14 00:00,2024-02-13 17:00,39.00,39.53,110.69
2024-02-14 01:00,2024-02-13 18:00,42.54,46.27,109.36
2024-02-14 02:00,2024-02-13 19:00,46.21,44.41,108.03
2024-02-14 03:00,2024-02-13 20:00,42.51,42.17,106.70
2024-02-14 04:00,2024-02-13 21:00,45.69,39.92,105.38
2024-02-14 05:00,2024-02-13 22:00,50.91,53.08,104.40
2024-02-14 06:00,2024-02-13 23:00,69.08,76.3,104.16
2024-02-14 07:00,2024-02-14 00:00,103.00,68.22,104.05
2024-02-14 08:00,2024-02-14 01:00,57.76,60.46,103.57
2024-02-14 09:00,2024-02-14 02:00,42.44,46.47,103.05
2024-02-14 10:00,2024-02-14 03:00,41.38,41.17,102.54
2024-02-14 11:00,2024-02-14 04:00,41.00,41.48,101.76
2024-02-14 12:00,2024-02-14 05:00,41.12,43.01,100.51
2024-02-14 13:00,2024-02-14 06:00,41.38,41.08,99.17
2024-02-14 14:00,2024-02-14 07:00,43.55,40.07,97.85
2024-02-14 15:00,2024-02-14 08:00,39.41,40.0,96.51
2024-02-14 16:00,2024-02-14 09:00,33.93,35.94,96.09
2024-02-14 17:00,2024-02-14 10:00,34.50,33.81,96.03
2024-02-14 18:00,2024-02-14 11:00,34.61,35.03,95.96
2024-02-14 19:00,2024-02-14 12:00,33.12,32.85,95.61
2024-02-14 20:00,2024-02-14 13:00,32.37,33.44,95.29
2024-02-14 21:00,2024-02-14 14:00,32.79,35.0,95.25
2024-02-14 22:00,2024-02-14 15:00,32.02,31.41,95.18
2024-02-14 23:00,2024-02-14 16:00,38.15,28.56,94.65
2024-02-15 00:00,2024-02-14 17:00,60.10,49.82,93.91
2024-02-15 01:00,2024-02-14 18:00,79.00,78.17,93.73
2024-02-15 02:00,2024-02-14 19:00,77.20,71.48,93.69
2024-02-15 03:00,2024-02-14 20:00,82.60,53.95,93.73
2024-02-15 04:00,2024-02-14 21:00,88.26,91.59,93.78
2024-02-15 05:00,2024-02-14 22:00,66.05,69.79,93.81
2024-02-15 06:00,2024-02-14 23:00,78.20,118.06,93.85
2024-02-15 07:00,2024-02-15 00:00,67.87,47.64,93.88
2024-02-15 08:00,2024-02-15 01:00,80.29,80.65,93.93
2024-02-15 09:00,2024-02-15 02:00,77.00,78.16,93.97
2024-02-15 10:00,2024-02-15 03:00,65.96,51.15,94.01
2024-02-15 11:00,2024-02-15 04:00,71.13,69.84,94.05
2024-02-15 12:00,2024-02-15 05:00,95.77,82.17,94.12
2024-02-15 13:00,2024-02-15 06:00,127.67,114.14,94.17
2024-02-15 14:00,2024-02-15 07:00,128.66,131.3,93.78
2024-02-15 15:00,2024-02-15 08:00,160.24,168.6,93.41
2024-02-15 16:00,2024-02-15 09:00,100.45,42.69,93.43
2024-02-15 17:00,2024-02-15 10:00,54.70,66.11,93.42
2024-02-15 18:00,2024-02-15 11:00,44.34,49.37,93.33
2024-02-15 19:00,2024-02-15 12:00,34.96,31.68,93.21
2024-02-15 20:00,2024-02-15 13:00,36.62,36.67,93.18
2024-02-15 21:00,2024-02-15 14:00,34.07,35.25,93.10
2024-02-15 22:00,2024-02-15 15:00,36.14,34.83,93.02
2024-02-15 23:00,2024-02-15 16:00,38.87,36.62,92.97
2024-02-16 00:00,2024-02-15 17:00,51.36,48.57,92.62
2024-02-16 01:00,2024-02-15 18:00,110.91,80.58,92.68
2024-02-16 02:00,2024-02-15 19:00,155.05,79.97,92.76
2024-02-16 03:00,2024-02-15 20:00,129.45,110.9,92.82
2024-02-16 04:00,2024-02-15 21:00,52.71,63.65,92.76
2024-02-16 05:00,2024-02-15 22:00,49.76,49.25,92.74
2024-02-16 06:00,2024-02-15 23:00,37.65,41.32,92.72
2024-02-16 07:00,2024-02-16 00:00,37.44,41.94,92.70
2024-02-16 08:00,2024-02-16 01:00,41.61,43.25,92.68
2024-02-16 09:00,2024-02-16 02:00,41.56,41.95,92.66
2024-02-16 10:00,2024-02-16 03:00,41.45,42.0,92.64
2024-02-16 11:00,2024-02-16 04:00,40.88,42.59,92.57
2024-02-16 12:00,2024-02-16 05:00,34.01,33.11,92.46
2024-02-16 13:00,2024-02-16 06:00,41.15,43.29,92.37
2024-02-16 14:00,2024-02-16 07:00,38.77,40.64,92.28
2024-02-16 15:00,2024-02-16 08:00,41.71,43.99,92.17
2024-02-16 16:00,2024-02-16 09:00,35.70,50.0,91.95
2024-02-16 17:00,2024-02-16 10:00,32.06,32.25,91.43
2024-02-16 18:00,2024-02-16 11:00,31.92,31.82,91.00
2024-02-16 19:00,2024-02-16 12:00,32.10,31.86,90.74
2024-02-16 20:00,2024-02-16 13:00,34.21,33.29,90.23
2024-02-16 21:00,2024-02-16 14:00,35.21,34.45,89.72
2024-02-16 22:00,2024-02-16 15:00,35.22,41.28,89.15
2024-02-16 23:00,2024-02-16 16:00,33.56,26.59,88.53
2024-02-17 00:00,2024-02-16 17:00,38.22,36.28,87.92
2024-02-17 01:00,2024-02-16 18:00,41.63,38.96,87.53
2024-02-17 02:00,2024-02-16 19:00,44.31,94.04,87.40
2024-02-17 03:00,2024-02-16 20:00,33.43,35.05,87.30
2024-02-17 04:00,2024-02-16 21:00,32.90,34.44,87.25
2024-02-17 05:00,2024-02-16 22:00,26.89,30.89,87.17
2024-02-17 06:00,2024-02-16 23:00,24.68,25.53,87.11
2024-02-17 07:00,2024-02-17 00:00,18.85,15.71,86.96
2024-02-17 08:00,2024-02-17 01:00,15.23,0.0,86.80
2024-02-17 09:00,2024-02-17 02:00,14.43,0.0,86.57
2024-02-17 10:00,2024-02-17 03:00,14.00,0.0,86.49
2024-02-17 11:00,2024-02-17 04:00,12.13,0.0,86.44
2024-02-17 12:00,2024-02-17 05:00,12.58,0.0,86.39
2024-02-17 13:00,2024-02-17 06:00,18.75,15.03,86.35
2024-02-17 14:00,2024-02-17 07:00,22.27,20.32,86.26
2024-02-17 15:00,2024-02-17 08:00,16.03,16.16,86.18
2024-02-17 16:00,2024-02-17 09:00,2.31,1.83,86.09
2024-02-17 17:00,2024-02-17 10:00,18.19,0.0,86.02
2024-02-17 18:00,2024-02-17 11:00,30.39,27.71,85.95
2024-02-17 19:00,2024-02-17 12:00,47.92,39.39,85.94
2024-02-17 20:00,2024-02-17 13:00,39.85,34.97,85.91
2024-02-17 21:00,2024-02-17 14:00,33.50,31.67,85.87
2024-02-17 22:00,2024-02-17 15:00,32.63,28.25,85.83
2024-02-17 23:00,2024-02-17 16:00,42.81,28.1,85.59
2024-02-18 00:00,2024-02-17 17:00,65.00,119.16,85.42
2024-02-18 01:00,2024-02-17 18:00,48.76,70.38,85.35
2024-02-18 02:00,2024-02-17 19:00,37.66,42.36,85.32
2024-02-18 03:00,2024-02-17 20:00,35.00,35.39,85.21
2024-02-18 04:00,2024-02-17 21:00,36.26,41.9,84.98
2024-02-18 05:00,2024-02-17 22:00,46.39,121.21,84.82
2024-02-18 06:00,2024-02-17 23:00,45.53,57.91,84.56
2024-02-18 07:00,2024-02-18 00:00,38.42,33.61,84.48
2024-02-18 08:00,2024-02-18 01:00,52.44,44.26,84.37
2024-02-18 09:00,2024-02-18 02:00,35.36,33.54,84.27
2024-02-18 10:00,2024-02-18 03:00,34.56,33.45,84.09
2024-02-18 11:00,2024-02-18 04:00,30.46,32.93,83.89
2024-02-18 12:00,2024-02-18 05:00,32.70,27.73,83.61
2024-02-18 13:00,2024-02-18 06:00,43.72,35.44,83.41
2024-02-18 14:00,2024-02-18 07:00,53.85,50.6,83.26
2024-02-18 15:00,2024-02-18 08:00,33.29,36.04,83.10
2024-02-18 16:00,2024-02-18 09:00,24.21,25.87,83.03
2024-02-18 17:00,2024-02-18 10:00,26.37,27.34,82.98
2024-02-18 18:00,2024-02-18 11:00,25.97,24.61,82.94
2024-02-18 19:00,2024-02-18 12:00,26.69,25.43,82.89
2024-02-18 20:00,2024-02-18 13:00,27.21,25.34,82.83
2024-02-18 21:00,2024-02-18 14:00,27.21,25.4,82.75
2024-02-18 22:00,2024-02-18 15:00,31.26,29.07,82.69
2024-02-18 23:00,2024-02-18 16:00,34.59,33.99,82.66
2024-02-19 00:00,2024-02-18 17:00,29.68,26.11,82.62
2024-02-19 01:00,2024-02-18 18:00,32.37,31.39,82.57
2024-02-19 02:00,2024-02-18 19:00,33.95,33.33,82.53
2024-02-19 03:00,2024-02-18 20:00,71.02,47.5,82.55
2024-02-19 04:00,2024-02-18 21:00,176.70,130.5,82.72
2024-02-19 05:00,2024-02-18 22:00,283.71,194.52,83.04
2024-02-19 06:00,2024-02-18 23:00,190.56,108.38,83.20
2024-02-19 07:00,2024-02-19 00:00,181.61,132.09,83.36
2024-02-19 08:00,2024-02-19 01:00,115.92,95.14,83.43
2024-02-19 09:00,2024-02-19 02:00,45.94,41.37,83.40
2024-02-19 10:00,2024-02-19 03:00,38.20,33.54,83.31
2024-02-19 11:00,2024-02-19 04:00,35.54,38.12,83.19
2024-02-19 12:00,2024-02-19 05:00,37.62,36.04,83.10
2024-02-19 13:00,2024-02-19 06:00,43.00,42.34,83.07
2024-02-19 14:00,2024-02-19 07:00,54.79,50.36,83.07
2024-02-19 15:00,2024-02-19 08:00,38.95,60.04,83.04
2024-02-19 16:00,2024-02-19 09:00,31.73,35.53,83.00
2024-02-19 17:00,2024-02-19 10:00,27.41,27.58,82.97
2024-02-19 18:00,2024-02-19 11:00,32.54,29.9,82.93
2024-02-19 19:00,2024-02-19 12:00,32.24,34.61,82.86
2024-02-19 20:00,2024-02-19 13:00,32.76,35.23,82.79
2024-02-19 21:00,2024-02-19 14:00,30.46,28.5,82.72
2024-02-19 22:00,2024-02-19 15:00,31.07,26.51,82.66
2024-02-19 23:00,2024-02-19 16:00,34.32,26.81,82.33
2024-02-20 00:00,2024-02-19 17:00,93.16,38.45,81.65
2024-02-20 01:00,2024-02-19 18:00,92.64,190.26,81.05
2024-02-20 02:00,2024-02-19 19:00,117.56,85.19,80.87
2024-02-20 03:00,2024-02-19 20:00,102.81,114.25,80.77
2024-02-20 04:00,2024-02-19 21:00,47.24,95.83,80.58
2024-02-20 05:00,2024-02-19 22:00,39.07,42.73,80.37
2024-02-20 06:00,2024-02-19 23:00,61.33,52.12,80.18
2024-02-20 07:00,2024-02-20 00:00,99.00,64.15,80.15
2024-02-20 08:00,2024-02-20 01:00,115.50,98.14,80.14
2024-02-20 09:00,2024-02-20 02:00,64.80,68.25,80.09
2024-02-20 10:00,2024-02-20 03:00,37.36,40.0,80.01
2024-02-20 11:00,2024-02-20 04:00,34.39,36.44,79.93
2024-02-20 12:00,2024-02-20 05:00,39.71,39.6,79.86
2024-02-20 13:00,2024-02-20 06:00,157.29,150.05,79.92
2024-02-20 14:00,2024-02-20 07:00,67.24,85.35,79.89
2024-02-20 15:00,2024-02-20 08:00,33.94,35.65,79.66
2024-02-20 16:00,2024-02-20 09:00,28.67,30.24,79.45
2024-02-20 17:00,2024-02-20 10:00,30.55,29.14,79.37
2024-02-20 18:00,2024-02-20 11:00,41.58,31.81,79.35
2024-02-20 19:00,2024-02-20 12:00,53.28,45.46,79.32
2024-02-20 20:00,2024-02-20 13:00,44.91,44.08,79.25
2024-02-20 21:00,2024-02-20 14:00,51.21,38.09,79.17
2024-02-20 22:00,2024-02-20 15:00,151.30,49.88,79.24
2024-02-20 23:00,2024-02-20 16:00,163.23,61.87,79.33
2024-02-21 00:00,2024-02-20 17:00,87.40,58.82,79.08
2024-02-21 01:00,2024-02-20 18:00,122.19,111.72,79.07
2024-02-21 02:00,2024-02-20 19:00,49.97,64.54,79.01
2024-02-21 03:00,2024-02-20 20:00,39.58,44.57,78.93
2024-02-21 04:00,2024-02-20 21:00,35.15,40.69,78.73
2024-02-21 05:00,2024-02-20 22:00,31.63,31.46,78.60
2024-02-21 06:00,2024-02-20 23:00,34.00,34.16,78.47
2024-02-21 07:00,2024-02-21 00:00,29.25,28.74,78.40
2024-02-21 08:00,2024-02-21 01:00,31.97,37.96,78.31
2024-02-21 09:00,2024-02-21 02:00,28.21,29.17,78.20
2024-02-21 10:00,2024-02-21 03:00,29.27,27.32,78.14
2024-02-21 11:00,2024-02-21 04:00,40.73,32.74,78.06
2024-02-21 12:00,2024-02-21 05:00,76.82,52.77,77.96
2024-02-21 13:00,2024-02-21 06:00,142.66,58.45,77.89
2024-02-21 14:00,2024-02-21 07:00,52.71,41.21,77.67
2024-02-21 15:00,2024-02-21 08:00,72.04,216.99,77.47
2024-02-21 16:00,2024-02-21 09:00,34.35,35.0,77.06
2024-02-21 17:00,2024-02-21 10:00,32.27,32.58,76.81
2024-02-21 18:00,2024-02-21 11:00,32.71,32.47,76.65
2024-02-21 19:00,2024-02-21 12:00,44.44,42.61,76.58
2024-02-21 20:00,2024-02-21 13:00,59.55,133.63,76.44
2024-02-21 21:00,2024-02-21 14:00,35.00,35.0,76.22
2024-02-21 22:00,2024-02-21 15:00,32.47,32.24,76.14
2024-02-21 23:00,2024-02-21 16:00,54.07,32.89,76.09
2024-02-22 00:00,2024-02-21 17:00,108.99,183.1,75.99
2024-02-22 01:00,2024-02-21 18:00,96.83,201.68,75.90
2024-02-22 02:00,2024-02-21 19:00,38.66,62.84,75.79
2024-02-22 03:00,2024-02-21 20:00,33.68,36.97,75.69
2024-02-22 04:00,2024-02-21 21:00,30.45,33.41,75.66
2024-02-22 05:00,2024-02-21 22:00,28.37,31.47,75.62
2024-02-22 06:00,2024-02-21 23:00,24.86,24.78,75.57
2024-02-22 07:00,2024-02-22 00:00,24.84,24.23,75.51
2024-02-22 08:00,2024-02-22 01:00,24.71,24.28,75.47
2024-02-22 09:00,2024-02-22 02:00,24.39,24.52,75.43
2024-02-22 10:00,2024-02-22 03:00,24.05,22.91,75.39
2024-02-22 11:00,2024-02-22 04:00,24.97,24.07,75.36
2024-02-22 12:00,2024-02-22 05:00,26.21,26.59,75.32
2024-02-22 13:00,2024-02-22 06:00,34.93,32.9,75.28
2024-02-22 14:00,2024-02-22 07:00,42.23,48.4,75.23
2024-02-22 15:00,2024-02-22 08:00,34.66,42.41,75.18
2024-02-22 16:00,2024-02-22 09:00,28.65,34.83,75.16
2024-02-22 17:00,2024-02-22 10:00,27.84,32.93,75.14
2024-02-22 18:00,2024-02-22 11:00,27.30,26.33,75.12
2024-02-22 19:00,2024-02-22 12:00,26.68,26.98,75.10
2024-02-22 20:00,2024-02-22 13:00,26.09,24.09,75.08
2024-02-22 21:00,2024-02-22 14:00,25.71,26.05,75.05
2024-02-22 22:00,2024-02-22 15:00,32.21,27.98,75.04
2024-02-22 23:00,2024-02-22 16:00,37.51,26.72,75.03
2024-02-23 00:00,2024-02-22 17:00,51.05,44.58,75.02
2024-02-23 01:00,2024-02-22 18:00,43.80,73.67,74.99
2024-02-23 02:00,2024-02-22 19:00,31.59,34.65,74.96
2024-02-23 03:00,2024-02-22 20:00,30.36,28.03,74.93
2024-02-23 04:00,2024-02-22 21:00,27.06,26.87,74.90
2024-02-23 05:00,2024-02-22 22:00,25.88,26.48,74.85
2024-02-23 06:00,2024-02-22 23:00,24.38,23.93,74.79
2024-02-23 07:00,2024-02-23 00:00,18.54,16.61,74.74
2024-02-23 08:00,2024-02-23 01:00,18.78,17.69,74.72
2024-02-23 09:00,2024-02-23 02:00,17.68,19.19,74.69
2024-02-23 10:00,2024-02-23 03:00,14.90,15.14,74.66
2024-02-23 11:00,2024-02-23 04:00,16.48,15.31,74.63
2024-02-23 12:00,2024-02-23 05:00,20.91,20.48,74.60
2024-02-23 13:00,2024-02-23 06:00,27.01,27.02,74.51
2024-02-23 14:00,2024-02-23 07:00,36.04,42.0,74.41
2024-02-23 15:00,2024-02-23 08:00,29.17,39.3,74.34
2024-02-23 16:00,2024-02-23 09:00,20.94,27.43,74.31
2024-02-23 17:00,2024-02-23 10:00,16.92,17.69,74.29
2024-02-23 18:00,2024-02-23 11:00,18.31,17.69,74.27
2024-02-23 19:00,2024-02-23 12:00,14.04,16.01,74.25
2024-02-23 20:00,2024-02-23 13:00,16.56,16.97,74.23
2024-02-23 21:00,2024-02-23 14:00,13.62,14.8,74.20
2024-02-23 22:00,2024-02-23 15:00,17.01,13.49,74.18
2024-02-23 23:00,2024-02-23 16:00,24.83,25.35,74.09
2024-02-24 00:00,2024-02-23 17:00,38.19,26.1,74.00
2024-02-24 01:00,2024-02-23 18:00,42.14,43.5,73.96
2024-02-24 02:00,2024-02-23 19:00,40.64,42.05,73.88
2024-02-24 03:00,2024-02-23 20:00,31.24,29.77,73.84
2024-02-24 04:00,2024-02-23 21:00,30.93,32.76,73.83
2024-02-24 05:00,2024-02-23 22:00,27.27,32.67,73.82
2024-02-24 06:00,2024-02-23 23:00,27.16,25.73,73.81
2024-02-24 07:00,2024-02-24 00:00,29.21,23.56,73.81
2024-02-24 08:00,2024-02-24 01:00,28.38,31.09,73.80
2024-02-24 09:00,2024-02-24 02:00,23.92,24.58,73.79
2024-02-24 10:00,2024-02-24 03:00,24.39,26.97,73.78
2024-02-24 11:00,2024-02-24 04:00,23.47,23.09,73.77
2024-02-24 12:00,2024-02-24 05:00,22.09,23.38,73.75
2024-02-24 13:00,2024-02-24 06:00,20.04,20.94,73.72
2024-02-24 14:00,2024-02-24 07:00,23.34,23.47,73.67
2024-02-24 15:00,2024-02-24 08:00,23.96,25.52,73.60
2024-02-24 16:00,2024-02-24 09:00,31.45,24.39,73.59
2024-02-24 17:00,2024-02-24 10:00,30.79,31.62,73.58
2024-02-24 18:00,2024-02-24 11:00,28.70,31.35,73.56
2024-02-24 19:00,2024-02-24 12:00,28.00,24.25,73.55
2024-02-24 20:00,2024-02-24 13:00,30.95,27.66,73.54
2024-02-24 21:00,2024-02-24 14:00,35.05,30.4,73.54
2024-02-24 22:00,2024-02-24 15:00,41.79,40.9,73.55
2024-02-24 23:00,2024-02-24 16:00,75.77,32.08,73.59
2024-02-25 00:00,2024-02-24 17:00,175.85,173.53,73.74
2024-02-25 01:00,2024-02-24 18:00,255.08,490.16,74.03
2024-02-25 02:00,2024-02-24 19:00,153.85,115.67,74.19
2024-02-25 03:00,2024-02-24 20:00,118.82,213.75,74.29
2024-02-25 04:00,2024-02-24 21:00,65.44,42.04,74.33
2024-02-25 05:00,2024-02-24 22:00,26.48,27.45,74.31
2024-02-25 06:00,2024-02-24 23:00,37.39,41.11,74.31
2024-02-25 07:00,2024-02-25 00:00,62.59,83.95,74.36
2024-02-25 08:00,2024-02-25 01:00,38.50,59.21,74.38
2024-02-25 09:00,2024-02-25 02:00,31.03,29.54,74.38
2024-02-25 10:00,2024-02-25 03:00,29.37,28.5,74.38
2024-02-25 11:00,2024-02-25 04:00,39.77,40.0,74.39
2024-02-25 12:00,2024-02-25 05:00,49.52,41.31,74.41
2024-02-25 13:00,2024-02-25 06:00,112.56,94.8,74.50
2024-02-25 14:00,2024-02-25 07:00,123.62,207.59,74.58
2024-02-25 15:00,2024-02-25 08:00,52.23,72.26,74.33
2024-02-25 16:00,2024-02-25 09:00,41.05,47.32,74.30
2024-02-25 17:00,2024-02-25 10:00,33.75,40.4,74.27
2024-02-25 18:00,2024-02-25 11:00,32.33,35.0,74.25
2024-02-25 19:00,2024-02-25 12:00,24.08,22.95,74.22
2024-02-25 20:00,2024-02-25 13:00,22.85,17.25,74.17
2024-02-25 21:00,2024-02-25 14:00,22.21,20.1,74.13
2024-02-25 22:00,2024-02-25 15:00,21.27,20.97,74.09
2024-02-25 23:00,2024-02-25 16:00,18.39,15.81,74.04
2024-02-26 00:00,2024-02-25 17:00,28.86,24.98,74.01
2024-02-26 01:00,2024-02-25 18:00,42.65,42.63,74.00
2024-02-26 02:00,2024-02-25 19:00,39.06,30.14,73.98
2024-02-26 03:00,2024-02-25 20:00,31.60,30.87,73.96
2024-02-26 04:00,2024-02-25 21:00,30.43,27.9,73.93
2024-02-26 05:00,2024-02-25 22:00,31.63,27.69,73.92
2024-02-26 06:00,2024-02-25 23:00,30.13,31.36,73.92
2024-02-26 07:00,2024-02-26 00:00,24.24,22.54,73.92
2024-02-26 08:00,2024-02-26 01:00,23.30,24.94,73.93
2024-02-26 09:00,2024-02-26 02:00,19.64,17.95,73.93
2024-02-26 10:00,2024-02-26 03:00,23.63,22.53,73.94
2024-02-26 11:00,2024-02-26 04:00,23.83,23.84,73.94
2024-02-26 12:00,2024-02-26 05:00,29.16,29.8,73.95
2024-02-26 13:00,2024-02-26 06:00,31.78,32.64,73.96
2024-02-26 14:00,2024-02-26 07:00,31.49,32.0,73.96
2024-02-26 15:00,2024-02-26 08:00,31.55,31.25,73.95
2024-02-26 16:00,2024-02-26 09:00,31.14,32.02,73.95
2024-02-26 17:00,2024-02-26 10:00,23.87,22.02,73.95
2024-02-26 18:00,2024-02-26 11:00,17.39,17.58,73.94
2024-02-26 19:00,2024-02-26 12:00,22.98,19.28,73.94
2024-02-26 20:00,2024-02-26 13:00,22.73,23.95,73.93
2024-02-26 21:00,2024-02-26 14:00,23.42,26.02,73.92
2024-02-26 22:00,2024-02-26 15:00,26.13,23.17,73.91
2024-02-26 23:00,2024-02-26 16:00,38.37,24.41,73.84
2024-02-27 00:00,2024-02-26 17:00,71.18,54.32,73.76
2024-02-27 01:00,2024-02-26 18:00,176.65,268.97,73.83
2024-02-27 02:00,2024-02-26 19:00,209.67,291.82,73.95
2024-02-27 03:00,2024-02-26 20:00,353.72,427.09,74.34
2024-02-27 04:00,2024-02-26 21:00,220.24,225.38,74.57
2024-02-27 05:00,2024-02-26 22:00,214.89,209.35,74.83
2024-02-27 06:00,2024-02-26 23:00,284.06,189.7,75.18
2024-02-27 07:00,2024-02-27 00:00,86.15,46.37,75.27
2024-02-27 08:00,2024-02-27 01:00,53.16,49.93,75.32
2024-02-27 09:00,2024-02-27 02:00,82.69,91.32,75.41
2024-02-27 10:00,2024-02-27 03:00,91.32,120.0,75.51
2024-02-27 11:00,2024-02-27 04:00,128.22,180.76,75.66
2024-02-27 12:00,2024-02-27 05:00,150.07,189.67,75.84
2024-02-27 13:00,2024-02-27 06:00,333.48,493.99,76.29
2024-02-27 14:00,2024-02-27 07:00,438.53,390.88,76.86
2024-02-27 15:00,2024-02-27 08:00,269.57,637.27,77.19
2024-02-27 16:00,2024-02-27 09:00,215.25,386.95,77.44
2024-02-27 17:00,2024-02-27 10:00,196.16,330.45,77.67
2024-02-27 18:00,2024-02-27 11:00,141.69,80.25,77.82
2024-02-27 19:00,2024-02-27 12:00,137.65,134.61,77.95
2024-02-27 20:00,2024-02-27 13:00,103.34,96.72,78.03
2024-02-27 21:00,2024-02-27 14:00,46.18,49.15,78.06
2024-02-27 22:00,2024-02-27 15:00,42.00,43.83,78.08
2024-02-27 23:00,2024-02-27 16:00,86.72,49.27,78.15
2024-02-28 00:00,2024-02-27 17:00,155.61,59.83,78.31
2024-02-28 01:00,2024-02-27 18:00,275.48,517.0,78.64
2024-02-28 02:00,2024-02-27 19:00,287.01,509.19,78.98
2024-02-28 03:00,2024-02-27 20:00,49.42,56.28,78.98
2024-02-28 04:00,2024-02-27 21:00,41.97,42.26,78.93
2024-02-28 05:00,2024-02-27 22:00,77.86,101.76,78.88
2024-02-28 06:00,2024-02-27 23:00,212.64,345.66,79.06
2024-02-28 07:00,2024-02-28 00:00,35.79,44.17,78.97
2024-02-28 08:00,2024-02-28 01:00,36.12,42.03,78.94
2024-02-28 09:00,2024-02-28 02:00,24.64,22.35,78.92
2024-02-28 10:00,2024-02-28 03:00,26.16,41.93,78.91
2024-02-28 11:00,2024-02-28 04:00,24.36,24.74,78.90
2024-02-28 12:00,2024-02-28 05:00,24.80,25.93,78.90
2024-02-28 13:00,2024-02-28 06:00,33.69,36.8,78.91
2024-02-28 14:00,2024-02-28 07:00,31.63,34.4,78.90
2024-02-28 15:00,2024-02-28 08:00,32.58,32.41,78.89
2024-02-28 16:00,2024-02-28 09:00,35.36,48.26,78.89
2024-02-28 17:00,2024-02-28 10:00,30.81,31.51,78.88
2024-02-28 18:00,2024-02-28 11:00,24.88,28.94,78.85
2024-02-28 19:00,2024-02-28 12:00,23.87,23.42,78.82
2024-02-28 20:00,2024-02-28 13:00,24.56,23.39,78.77
2024-02-28 21:00,2024-02-28 14:00,28.86,34.4,78.72
2024-02-28 22:00,2024-02-28 15:00,24.97,26.54,78.70
2024-02-28 23:00,2024-02-28 16:00,29.70,22.81,78.69
2024-02-29 00:00,2024-02-28 17:00,32.68,30.09,78.69
2024-02-29 01:00,2024-02-28 18:00,34.79,30.22,78.70
2024-02-29 02:00,2024-02-28 19:00,41.01,33.42,78.71
2024-02-29 03:00,2024-02-28 20:00,35.17,33.18,78.70
2024-02-29 04:00,2024-02-28 21:00,33.38,29.62,78.65
2024-02-29 05:00,2024-02-28 22:00,31.12,27.44,78.63
2024-02-29 06:00,2024-02-28 23:00,21.95,18.71,78.62
2024-02-29 07:00,2024-02-29 00:00,21.80,17.6,78.61
2024-02-29 08:00,2024-02-29 01:00,21.91,17.77,78.62
2024-02-29 09:00,2024-02-29 02:00,21.16,18.38,78.61
2024-02-29 10:00,2024-02-29 03:00,20.65,18.1,78.61
2024-02-29 11:00,2024-02-29 04:00,21.80,16.58,78.60
2024-02-29 12:00,2024-02-29 05:00,23.51,22.77,78.60
2024-02-29 13:00,2024-02-29 06:00,41.24,28.61,78.63
2024-02-29 14:00,2024-02-29 07:00,40.82,36.42,78.63
2024-02-29 15:00,2024-02-29 08:00,31.33,31.43,78.62
2024-02-29 16:00,2024-02-29 09:00,24.86,30.43,78.62
2024-02-29 17:00,2024-02-29 10:00,21.96,21.8,78.60
2024-02-29 18:00,2024-02-29 11:00,22.72,21.8,78.60
2024-02-29 19:00,2024-02-29 12:00,22.59,22.29,78.59
2024-02-29 20:00,2024-02-29 13:00,22.64,22.34,78.59
2024-02-29 21:00,2024-02-29 14:00,23.62,22.69,78.59
2024-02-29 22:00,2024-02-29 15:00,23.95,23.66,78.59
2024-02-29 23:00,2024-02-29 16:00,30.40,23.63,78.60
2024-03-01 00:00,2024-02-29 17:00,42.80,31.43,78.61
2024-03-01 01:00,2024-02-29 18:00,72.55,52.2,78.67
2024-03-01 02:00,2024-02-29 19:00,208.96,69.68,78.93
2024-03-01 03:00,2024-02-29 20:00,619.42,148.98,79.75
2024-03-01 04:00,2024-02-29 21:00,45.05,51.71,79.76
2024-03-01 05:00,2024-02-29 22:00,25.63,26.9,79.74
2024-03-01 06:00,2024-02-29 23:00,19.81,22.71,79.69
2024-03-01 07:00,2024-03-01 00:00,21.82,20.08,79.61
2024-03-01 08:00,2024-03-01 01:00,29.58,29.27,79.58
2024-03-01 09:00,2024-03-01 02:00,44.36,37.35,79.57
2024-03-01 10:00,2024-03-01 03:00,53.83,54.07,79.59
2024-03-01 11:00,2024-03-01 04:00,58.10,55.55,79.60
2024-03-01 12:00,2024-03-01 05:00,58.52,52.23,79.60
2024-03-01 13:00,2024-03-01 06:00,46.99,63.27,79.55
2024-03-01 14:00,2024-03-01 07:00,42.96,46.61,79.48
2024-03-01 15:00,2024-03-01 08:00,43.37,53.44,79.47
2024-03-01 16:00,2024-03-01 09:00,40.52,40.0,79.48
2024-03-01 17:00,2024-03-01 10:00,80.02,53.43,79.56
2024-03-01 18:00,2024-03-01 11:00,107.00,76.58,79.66
2024-03-01 19:00,2024-03-01 12:00,47.95,53.02,79.67
2024-03-01 20:00,2024-03-01 13:00,49.95,53.37,79.67
2024-03-01 21:00,2024-03-01 14:00,112.28,92.41,79.77
2024-03-01 22:00,2024-03-01 15:00,271.16,217.62,80.07
2024-03-01 23:00,2024-03-01 16:00,221.14,167.49,80.30
2024-03-02 00:00,2024-03-01 17:00,63.85,129.1,80.33
2024-03-02 01:00,2024-03-01 18:00,40.50,34.21,80.33
2024-03-02 02:00,2024-03-01 19:00,38.80,43.05,80.33
2024-03-02 03:00,2024-03-01 20:00,31.09,31.91,80.32
2024-03-02 04:00,2024-03-01 21:00,40.90,43.96,80.31
2024-03-02 05:00,2024-03-01 22:00,40.20,42.11,80.32
2024-03-02 06:00,2024-03-01 23:00,49.54,49.18,80.33
2024-03-02 07:00,2024-03-02 00:00,48.66,51.57,80.35
2024-03-02 08:00,2024-03-02 01:00,52.74,53.25,80.37
2024-03-02 09:00,2024-03-02 02:00,44.79,133.43,80.38
2024-03-02 10:00,2024-03-02 03:00,40.58,41.77,80.39
2024-03-02 11:00,2024-03-02 04:00,41.96,51.72,80.39
2024-03-02 12:00,2024-03-02 05:00,66.29,53.45,80.43
2024-03-02 13:00,2024-03-02 06:00,87.08,104.36,80.50
2024-03-02 14:00,2024-03-02 07:00,77.80,93.44,80.53
2024-03-02 15:00,2024-03-02 08:00,45.92,50.71,80.47
2024-03-02 16:00,2024-03-02 09:00,41.98,49.69,80.46
2024-03-02 17:00,2024-03-02 10:00,37.91,38.44,80.46
2024-03-02 18:00,2024-03-02 11:00,38.82,40.9,80.44
2024-03-02 19:00,2024-03-02 12:00,38.80,37.58,80.39
2024-03-02 20:00,2024-03-02 13:00,,53.59,
2024-03-02 21:00,2024-03-02 14:00,,39.0,
2024-03-02 22:00,2024-03-02 15:00,,38.59,
